tic,cid,disposition,CJB,JR,AS,ZE,MF,group,IW,JAD,NG,SNQ,DWL,KAC,ZZ,DD,ARG,sd,IC,TD,SB,SS,AK,SLZ,DK
278866211,1,PC,EB,EB,PC,PC,EB,PC,,,,,,,,,,,,,,,,,
279741379,1,PC,,,,,,PC,PC,PC,PC,PC,,,,,,,,,,,,,
183979262,1,EB,,,,,,,,,EB,EB,EB,EB,,,,,,,,,,,
183979262,2,EB,,,,,,,,,EB,EB,EB,EB,,,,,,,,,,,
300871545,1,EB,,,EB,,,,,,EB,EB,,EB,,,,,,,,,,,
300871545,2,EB,,,EB,,,,,,EB,EB,,EB,,,,,,,,,,,
441384532,1,IS,IS,IS,,,IS,,,IS,,,,,,,,,,,,,,,
219322317,1,EB,,,,,,,,EB,EB,,EB,,EB,,,,,,,,,,
38573584,1,V,,,,,,,V,V,,V,EB,,,PC,,,,,,,,,
79225651,1,EB,,EB,,,,,,EB,,,EB,EB,,,EB,,,,,,,,
92595563,1,IS,,,,,,,IS,IS,IS,IS,,,,,,,,,,,,,
141268467,1,EB,,,,,,,EB,EB,,EB,,,,,,EB,,,,,,,
259784884,1,EB,EB,EB,,,,,,EB,,EB,PC,,,,,,,,,,,,
167692429,2,EB,,,,,,,,EB,EB,,,,EB,,EB,,,,,,,,
220457102,1,IS,,IS,,,,,,,,,IS,,,,,,IS,IS,,,,,
219308281,1,EB,,,,,,,EB,EB,,EB,,,,EB,,,,,,,,,
278683641,1,EB,,,,,,,EB,,,EB,EB,,,,,,,,EB,,,,
290076376,1,IS,,,,,,,IS,IS,,IS,,,,,,IS,,,,,,,
234284556,1,EB,EB,EB,,,,,,EB,,PC,,,,,,,,,,,,,
441398770,2,V,V,,,,V,,,V,,,V,,,,,,,,,,,,
152807584,1,IS,,,,,,,IS,IS,,IS,,,,IS,,U,,,,,,,
231852097,1,V,,V,,,,,,V,,,V,,,,,,EB,,,,,,
234506911,2,IS,,,,,,,IS,V,,IS,,,,,,IS,,,,,,,
441183643,1,IS,,IS,,,,,,,,,IS,IS,,,,,IS,,,,,,
382422098,1,IS,IS,,,IS,,,,IS,,IS,,,,,,,,,,,,,
391891749,1,IS,IS,IS,V,,,,,,,V,,,,,,,,,,,,,
92595555,1,IS,,,,,,,,,IS,IS,,,,IS,,,,,,IS,,,
206556127,1,EB,PC,EB,EB,,,,,EB,,EB,,,,,,,,,,,,,
280052690,1,EB,,,,,,,EB,EB,,EB,EB,,,,,,,,,,,,
238895369,1,IS,,IS,,,,,,,,,IS,IS,,,,,IS,,,,,,
231848236,1,EB,V,,,,,,,,EB,V,EB,,,,,,,,,,,,
290045270,1,IS,,,,,,,IS,IS,IS,IS,,,,,,,,,,,,,
261089147,1,EB,V,EB,,,,,,V,,,,,,,EB,,,,,,,,
212348822,1,EB,EB,EB,,,PC,,,,IS,,,,,,,,,,,,,,
293482385,3,V,V,V,V,,,,,,,V,,,,,,,,,,,,,
262958558,2,EB,,,,,,,,,EB,EB,,,,,,,EB,EB,,,,,
410487677,1,V,EB,V,,,EB,,,V,,,,,,,,,,,,,,,
406276109,1,EB,EB,,,EB,EB,,,,,,,,,,EB,,,,,,,,
214913775,2,IS,IS,IS,IS,,,,,,,IS,,,,,,,,,,,,,
278863150,1,EB,EB,EB,,,EB,,,,,,EB,,,,,,,,,,,,
441456442,1,IS,,,,,IS,,,IS,,,IS,,IS,,,IS,,,,,,,
326356701,3,IS,,EB,,,,,,,,,EB,IS,,,IS,,IS,,,,,,
55404385,1,EB,,,,,,,,EB,,EB,,,,EB,,,,,,EB,,,
441353842,1,IS,,IS,,,IS,,,IS,,IS,,,,,,,,,,,,,
55497281,1,EB,,,EB,,,,,,EB,EB,,EB,,,,,,,,,,,
166969516,1,V,,,,V,,,,V,EB,,,,V,,,,,,,,,,
152283580,1,IS,,IS,,,,,,IS,,IS,IS,,,,,,,,,,,,
403136932,1,V,,,,,,,,V,EB,,EB,,V,,,,,,,,,,
382420379,1,IS,,IS,IS,,IS,,,,,,IS,,,,,,,,,,,,
55650143,1,IS,,,,,,,,,,IS,IS,,,,,,IS,,PC,,,,
212294682,1,IS,,,,,,,,,,,IS,,,IS,,,V,,V,,,,
273792220,1,EB,,,,,,,,EB,,EB,,EB,,EB,,,,,,EB,,,
206488735,1,IS,,,,,,,,,,IS,IS,,,,,,IS,,,,IS,,
207080350,3,IS,,,,IS,,,,V,,,EB,,IS,,,,,,,,,,
167574282,1,V,V,,,,,,,V,,,V,,,IS,,,,,,,,,
150162739,1,V,V,,,V,,,,V,,V,IS,,,,,,,,,,,,
31850842,1,EB,EB,,,,,,,,,,EB,,,EB,,,,,,EB,,,
212319204,1,IS,IS,IS,IS,,,,,,,,IS,,,,,,,,,,,,
441422527,1,V,,,,,V,,V,V,,,,,,V,,,,,,,,,
269793839,1,V,,V,,,V,,,,,,,,V,,V,,,,,,,,
149248196,3,IS,,,IS,,,,,,V,IS,,EB,,,,,,,,,,,
358806415,1,PC,PC,,,,,PC,,EB,,,PC,,,,,,,,,PC,,,
410214984,1,IS,,IS,,,,IS,,U,,PC,IS,PC,,,V,,PC,V,,,,,
211412634,3,EB,,,,,,EB,,V,EB,,EB,EB,IS,,,,,,,,,,
99769182,1,IS,,,IS,,,,IS,,,,,,,V,,,,IS,,,,,
235037761,1,PC,PC,PC,,,,PC,,PC,,PC,PC,,,,,,,,,,,,
29667425,1,IS,,,,,,,IS,,IS,IS,,,,,,,,,,IS,,,
29636302,1,IS,,,,,,,IS,,,IS,IS,,,,,,,,IS,,,,
29717176,2,IS,,,,,,,,,,IS,IS,,,,,,IS,,IS,,,,
50380257,1,EB,,,EB,,,,,,,EB,EB,EB,,,,,,,,,,,
29717176,1,IS,,,,,,,,,,,IS,,,,IS,,IS,,IS,,,,
25375553,1,PC,,,,PC,,PC,,PC,,,,,PC,,PC,,,,,,,,
25155310,1,PC,,PC,,,,PC,,PC,,,,,,,,,PC,,,,PC,,
25078924,3,IS,,,,,,IS,,,,,EB,,,EB,,,IS,,V,,,,
25226885,1,EB,EB,EB,,,,,,,,EB,EB,,,,,,,,,,,,
25226885,2,EB,EB,EB,,,,,,,,EB,EB,,,,,,,,,,,,
25134376,1,IS,,IS,,,,,,IS,,,,,IS,,,,,V,,,,,
25134376,2,IS,,IS,,,,,,IS,,,,,IS,,,,,V,,,,,
31653503,1,EB,EB,EB,,,EB,,,EB,,,,,,,,,,,,,,,
29716978,1,IS,,,,IS,,,,,,IS,IS,,,,,,IS,,,,,,
29716978,2,IS,,,,IS,,,,,,IS,IS,,,,,,IS,,,,,,
29666611,1,IS,,,,,,,,IS,IS,,,,IS,,,,,IS,,,,,
25133286,1,IS,,IS,,,,,,V,,,V,,IS,,,,,,,,,,
25132999,1,IS,,,,,,,,V,,,IS,,IS,,,,IS,,,,,,
25078924,1,EB,,,,,,,,,,,EB,,,EB,,,EB,,V,,,,
25078924,2,EB,,,,,,,,,,,EB,,,EB,,,EB,,V,,,,
29717216,1,IS,,,,,,,,,,,IS,,,,,,IS,,IS,,IS,,
144194304,1,V,,,,,,,V,V,,,,,,EB,,EB,,,,,,,
29475080,1,IS,,,,,,,IS,V,,IS,,,,,,IS,,,,,,,
29825852,2,IS,,,,,,,IS,IS,,IS,,,,,,,,,,,,,
29825852,1,IS,,,,,,,IS,IS,,IS,IS,,,,,,,,,,,,
29478974,1,EB,,,,,,,EB,EB,EB,EB,,,,,,,,,,,,,
29478974,2,EB,,,,,,,EB,EB,EB,EB,,,,,,,,,,,,,
29837160,1,IS,,,,,,,,,,,IS,,,,IS,,IS,,IS,,,,
29837160,2,IS,,,,,,,,,,,IS,,,,IS,,IS,,V,,,,
29478974,3,IS,,,,,,,IS,IS,IS,IS,,,,,,,,,,,,,
29857846,1,IS,,,,,,,IS,IS,IS,IS,,,,,,,,,,,,,
29842382,1,IS,,,,,,,,IS,,IS,V,,,IS,,,,,,,,,
29842382,2,IS,,,,,,,,IS,,IS,V,,,IS,,,,,,,,,
29388651,1,IS,,IS,,,,,,IS,,,IS,IS,,,,,IS,IS,,,,,
29392968,1,IS,,,,,,,,,IS,IS,IS,IS,,,,,,,,,,,
425907353,2,IS,IS,,,,,,,,,IS,,IS,,IS,,,,,,,,,
381855507,1,PC,,PC,,,,PC,,PC,,,PC,,,,,,PC,PC,EB,,,,
29493969,1,IS,,IS,,,,,,,,,IS,,,,,,IS,IS,,,,,
29984014,1,V,,,,V,,V,V,EB,,,,,,PC,,V,,IS,,,,,
29344935,1,PC,,PC,,,,PC,,,,,PC,,,,,,PC,,PC,,,,
29430569,1,IS,,IS,,,,,,IS,,IS,,,,,,O,,,,,,,
29859905,1,IS,,,,,,,,,,,IS,,,,,,IS,V,IS,,,,
147083089,2,V,,EB,,V,EB,,,V,,,,,,,,,,,,,,,
29837570,1,IS,,IS,,,,,,,,,IS,IS,,,,,IS,,,,,,
29545491,1,IS,,,,IS,,,,,,IS,IS,,,,,,IS,,,,,,
29842113,1,IS,,,,,,,IS,IS,,IS,IS,,,,,,,,,,,,
29546586,1,IS,,,IS,IS,,,,,,,,,,V,,,,,,,,,
29543294,1,IS,,,,,,,IS,IS,IS,IS,,,,,,,,,,,,,
30275662,1,V,,,,,,,V,,,V,V,,,,,,,,V,,,,
30313682,1,EB,EB,EB,,,,,,EB,,EB,,,,,,,,,,,,,
31653503,2,EB,EB,EB,,,EB,,,EB,,,,,,,,,,,,,,,
30531417,2,IS,,,,V,,,,V,IS,,,,IS,,,,,,,,,,
30531417,1,V,,,,,,,,V,V,,EB,,V,,,,,,,,,,
376985426,1,V,,EB,,,,,,V,,,EB,,V,,,,,,,,,,
29494625,1,IS,,IS,,,IS,,,IS,,,,,,,,,,,,,,EB,
29494625,2,IS,,IS,,,IS,,,IS,,,,,,,,,,,,,,EB,
29841918,1,IS,,,IS,,,,,,,IS,IS,IS,,,,,,,,,,,
29841918,2,IS,,,IS,,,,,,,IS,IS,V,,,,,,,,,,,
29841918,3,IS,,,IS,,,,,,,IS,IS,IS,,,,,,,,,,,
29986808,1,EB,,EB,,PC,,,,,,,EB,,,,,,PC,,EB,,,,
231702397,1,PC,,,,,PC,PC,PC,PC,,,,,,PC,,,,,,,,,
30317301,1,EB,,V,,,,,,EB,,,EB,,,,,,EB,,,,,,
31273263,1,IS,,EB,,U,,IS,,EB,,,,,IS,,,IS,,,,,,,
29430569,2,V,,V,,,,V,,V,,PC,,V,,,,U,,,,,,,
410214984,2,PC,,V,,,,PC,,U,,PC,O,,,,,,O,,,,,,
29499461,1,IS,,,,,,,,IS,,IS,,IS,,,,,IS,,,,U,,
31796120,1,EB,,,,,,,,,,,EB,,,EB,,,EB,EB,V,,,,
32200310,1,EB,,,EB,,,,,,,EB,EB,EB,,,,,,,,,,,
32200310,2,EB,,,EB,,,,,,,EB,EB,EB,,,,,,,,,,,
147131974,1,EB,EB,,,,,,,EB,,,EB,,,EB,,,,,,,,,
32000625,1,EB,,,,,,,,EB,EB,,,,EB,,EB,,,,,,,,
32000625,2,EB,,,,,,,,EB,EB,,,,EB,,EB,,,,,,,,
32000625,3,IS,,,,,,,,V,EB,,,,IS,,IS,,,,,,,,
32000625,4,IS,,,,,,,,V,EB,,,,IS,,IS,,,,,,,,
31850842,2,EB,EB,,,,,,,,,,EB,,,EB,,,,,,EB,,,
31850842,3,IS,IS,,,,,,,,,,IS,,,IS,,,,,,IS,,,
33862174,1,EB,,EB,,,,,,,,,EB,,,,,,EB,EB,,,,,
33862174,2,EB,,EB,,,,,,,,,EB,,,,,,EB,IS,,,,,
33862174,3,EB,,EB,,,,,,,,,EB,,,,,,IS,EB,,,,,
32150630,1,EB,EB,,,EB,,,,,,EB,,,,,EB,,,,,,,,
32150630,2,EB,EB,,,EB,,,,,,EB,,,,,EB,,,,,,,,
32150630,3,IS,V,,,IS,,,,,,IS,,,,,IS,,,,,,,,
38459686,1,V,,V,,,,,,V,,V,EB,IS,,,,,IS,,,,,,
38396965,1,IS,IS,IS,,,IS,,,IS,,,,,,,,,,,,,,,
38396965,2,IS,IS,IS,,,IS,,,IS,,,,,,,,,,,,,,,
31653503,3,EB,EB,EB,,,EB,,,EB,,,,,,,,,,,,,,,
33715938,2,EB,EB,EB,EB,,,,,,,,EB,,,,,,,,,,,,
33715938,1,EB,EB,EB,,,,,,EB,,,EB,,,,,,,,,,,,
40343782,1,IS,,,,,,,IS,,,IS,IS,,,,,,,,V,,,,
38698751,1,IS,,V,,,IS,,,,,,IS,,,,,,IS,,,,,,
41483281,2,V,,,,,,,,V,,,EB,,,,,,EB,V,,,,,
38942483,1,IS,,,,IS,,,U,,IS,IS,IS,,,,,,,,,,,,
114985772,1,IS,,,IS,,,,,,,IS,IS,IS,,,,,,,,,,,
44623916,1,EB,,EB,,EB,,,,,,,EB,,,,,,EB,,,,,,
44623916,2,EB,,EB,,EB,,,,,,,EB,,,,,,EB,,,,,,
50309953,1,EB,,,,,,EB,,,,,EB,,,PC,,,U,,PC,,PC,,
38846515,1,PC,PC,PC,,PC,EB,PC,,,PC,,,,,,,,,,,,,,
38820496,1,PC,PC,EB,,,PC,PC,,PC,,PC,,,,,,,,,,,,,
38815338,1,IS,,,,,,IS,U,U,,IS,,,,,,U,,,,,,,
39018208,1,EB,,,EB,EB,,,,,,,,,,,,,,,EB,EB,,,
41232835,2,EB,EB,V,EB,,,,,,,EB,,,,,,,,,,,,,
29430495,1,IS,,IS,,,,,,IS,,,IS,,,,,,IS,,,,,,
39018208,2,EB,,,EB,EB,,,,,,,,,,,,,,,PC,EB,,,
38937499,1,EB,EB,,,EB,,,,EB,,EB,EB,,,,,,,,,,,,
38937499,2,EB,EB,,,IS,,,,EB,,EB,EB,,,,,,,,,,,,
38943708,1,IS,,,,,,,IS,IS,,IS,,,,,,IS,,,,,,,
38820496,2,V,V,EB,,,PC,,,V,,,,,,,,,,,,,,,
40717334,1,EB,V,EB,,,,,,V,EB,,,,,,,,,,,,,,
38820496,3,V,V,EB,,,PC,,,V,,,,,,,,,,,,,,,
55404385,2,EB,,,,,,,,EB,,EB,,,,EB,,,,,,EB,,,
52154717,1,V,,V,,,,,,V,,,,IS,,,,,V,,,,,,
53894861,1,IS,IS,,,,,,,,,IS,IS,,,,IS,,,,,,,,
54001270,1,EB,,EB,,,,,,,,,EB,,,,EB,,EB,,,,,,
55298910,1,IS,,IS,,,,,,,,,IS,,,,IS,,IS,,,,,,
52079677,1,EB,,EB,,EB,,,,EB,,,,,,,,,,,,,,,
52079677,2,EB,,EB,,EB,,,,EB,,EB,,,,,,,,,,,,,
53842685,1,V,,,,,,,,,,V,EB,,,,,,EB,,V,,,,
53842685,2,V,,,,,,,,,,V,EB,,,,,,EB,,V,,,,
53842685,3,IS,,,,,,,,,,IS,EB,,,,,,IS,,V,,,,
53842685,4,IS,,,,,,,,,,IS,EB,,,,,,IS,,V,,,,
52242947,1,IS,,,IS,,,,,,IS,IS,,IS,,,,,,,,,,,
53753284,1,IS,,,IS,,,,,,,IS,IS,,,,,,V,,,,,,
51912829,1,EB,,,EB,,,,,,EB,EB,,EB,,,,,,,,,,,
55401356,1,IS,,,IS,,,,,,,,IS,,,,,,IS,,IS,,,,
53813465,1,IS,,,IS,,,,,,IS,IS,,IS,,,,,,,,,,,
52019004,1,IS,,,IS,,,,,,,IS,IS,IS,,,,,,,,,,,
55453775,1,IS,,,IS,IS,,,,,,,,,,IS,,,,V,,,,,
53812109,1,PC,,,IS,,,PC,,,IS,PC,IS,PC,,,,,,,,,,,
52368076,2,PC,,,,,,PC,PC,,PC,PC,PC,,,,,,,,,,,,
52368076,1,PC,,,,,,PC,PC,,PC,PC,PC,,,,,,,,,,,,
52195943,1,PC,,,,,,PC,U,EB,PC,PC,PC,,,,,,,,,,,,
55524055,1,EB,,,,,,,EB,EB,,EB,,,,,,EB,,,,,,,
55524055,2,EB,,,,,,,EB,EB,,EB,,,,,,EB,,,,,,,
62762261,1,EB,,,,,,,EB,EB,,EB,EB,,,,,,,,,,,,
62762261,2,EB,,,,,,,EB,EB,,EB,EB,,,,,,,,,,,,
29825183,1,IS,IS,IS,,,,,,IS,,IS,,,,,,,,,,,,,
61708463,1,V,,,,,,,V,,V,IS,IS,,,,,,,,,,,,
55659311,1,EB,,,,,,,,EB,EB,,,,EB,,,,,EB,,,,,
61708463,2,IS,,,,,,,IS,,IS,IS,IS,,,,,,,,,,,,
63037741,1,IS,,,,,,,,,IS,,,,,,,,IS,,IS,,IS,,
70442570,1,EB,,,,,,,,,,EB,EB,,,,,,EB,EB,,,,,
63037741,2,IS,,,,,,,,,IS,,,,,,,,IS,,IS,,IS,,
55652785,1,EB,,EB,,,,,,EB,,,,,EB,,EB,,,,,,,,
55848818,1,EB,EB,,,,EB,,,V,,EB,,,,,,,,,,,,,
55848818,2,EB,EB,,,,EB,,,V,,EB,,,,,,,,,,,,,
300871376,1,V,,V,,,V,,,V,,V,,,V,,,,,,,,,,
55652785,2,EB,,EB,,,,,,EB,,,,,EB,,EB,,,,,,,,
55652594,1,IS,,,IS,,,,,,,IS,IS,IS,,,,,,,,,,,
63280198,1,EB,,,EB,,,,,,EB,EB,,EB,,,,,,,,,,,
63280198,2,IS,,,IS,,,,,,EB,IS,,IS,,,,,,,,,,,
38909361,1,IS,,IS,,,,,,IS,,,IS,,,,,,IS,,,,,,
61710094,1,PC,,PC,,,,PC,,,,,PC,PC,,,,,PC,,,,,,
55652896,1,PC,,,,,,PC,PC,EB,PC,,,,,PC,,U,,,,,,,
89358641,2,V,,,,,,,,V,,,EB,,,,,,V,,V,,,,
88273145,1,IS,,,,,,,IS,IS,,IS,IS,,,,,,,,,,,,
89358641,1,V,,,,,,,,V,,V,EB,,,,,,V,,V,,,,
79403459,1,EB,,,,EB,,,,EB,,,,EB,EB,,,,,,,,,,
79403675,2,IS,,,,,,,IS,,EB,IS,,,,,,,,,,,,,
88246378,1,V,V,,V,,V,,,,,,,,,,V,,,,,,,,
89304957,1,IS,IS,IS,,,IS,,,,,,,,,,IS,,,,,,,,
79247714,1,EB,,,,,,,,,,EB,EB,V,,,,,,,,,,,
80082449,1,IS,,IS,,,,,,IS,,,,,,,,,IS,,,,IS,,
70442570,2,EB,,,,,,,,,,EB,EB,EB,,,,,EB,PC,,,,,
89428764,1,EB,,,IS,,,,,,EB,EB,,EB,,,,,,,,,,,
89428764,2,EB,,,IS,,,,,,EB,EB,,EB,,,,,,,,,,,
89261114,1,IS,,,IS,,,,,,IS,IS,,IS,,,,,,,,,,,
79247714,2,EB,,,,,,,,,IS,EB,EB,V,,,,,,,,,,,
89018905,1,EB,,,EB,EB,,,,,,,,,,EB,,,,EB,,,,,
89018905,2,EB,,,EB,EB,,,,,,,,,,IS,,,,IS,,,,,
89358641,3,IS,,,,,,IS,,V,,IS,EB,,,,,,IS,,V,,,,
89018905,3,IS,,,IS,EB,,,,,,,,,,IS,,,,IS,,,,,
91369561,1,EB,,,EB,EB,,,,,,,,,,EB,,,,EB,,,,,
89258104,1,IS,IS,EB,,,EB,IS,,EB,,,PC,,,,,,,,,,,,
89020549,1,PC,,,,,PC,PC,PC,PC,,,,,,PC,,,,,,,,,
79403675,1,IS,,,,,,IS,IS,,EB,PC,IS,,,U,,,,,,,,,
92348703,1,IS,,,,,,,,,,,IS,,,,IS,,IS,,V,,,,
92364545,1,IS,,,,,,,,IS,,IS,IS,,,,,,IS,,,,,,
92254720,1,IS,,,,,,,IS,,IS,IS,IS,,,,,,,,,,,,
91369561,2,EB,,,EB,EB,,,,,,,,,,EB,,,,EB,,,,,
144194304,2,EB,,,,,,,V,EB,,,,,,EB,,EB,,,,,,,
91448148,1,EB,EB,,,,,,,EB,,,EB,,,EB,,,,,,,,,
91448148,2,EB,V,,,,,,,EB,,,EB,,,EB,,,,,,,,,
92364700,1,IS,,,IS,,,,,,,IS,IS,IS,,,,,,,,,,,
92254406,1,IS,,,IS,,,,,,,IS,IS,IS,,,,,,,,,,,
92254667,2,IS,,IS,,,,,,IS,,,IS,,,,,,IS,,,,,,
92254667,3,IS,,IS,,,,,,IS,,,IS,,,,,,IS,,,,,,
51912829,2,EB,,,EB,,,,,,EB,EB,,EB,,,,,,,,,,,
92320131,1,IS,IS,IS,,,,,,IS,,,IS,,,,,,,,,IS,,,
92444219,1,PC,,,,,,PC,U,,PC,IS,,,,PC,,,,,PC,,,,
92367963,1,IS,PC,EB,IS,,,IS,,,,PC,PC,,,,,,,,,,,,
92352621,1,EB,,PC,,PC,,EB,,PC,,,PC,,,,PC,,,,,,,,
92350801,1,IS,PC,EB,,,PC,IS,,EB,,,PC,,,,,,,,,,,,
91478103,1,PC,IS,,PC,IS,,PC,,PC,,,,,,,IS,,,,,,,,
92349924,2,EB,,,,EB,,EB,,,,IS,,,V,,IS,EB,,,,,,,
92254719,1,IS,,IS,,,V,,,V,,IS,,,,,,,,,,,,,
92254719,2,V,,V,,,V,,,V,,V,,,,,,,,,,,,,
92349924,1,EB,,,,EB,,,,,,,,,EB,,EB,EB,,,,,,,
92564714,1,IS,,,,,,,IS,IS,,IS,IS,,,,,,,,,,,,
92564714,2,IS,,,,,,,IS,IS,,IS,IS,,,,,,,,,,,,
92595555,2,IS,,,,,,,,,IS,IS,,,,IS,,,,,,IS,,,
92564392,1,IS,,,,,,,,,,,,,,IS,IS,,IS,,IS,,,,
92597974,1,IS,,,,,,,IS,IS,IS,IS,,,,,,,,,,,,,
92497469,1,IS,,,,,,,IS,,IS,IS,,,,IS,,,,,,,,,
92563111,1,IS,,,IS,IS,,,,,,,PC,,,,,,IS,,PC,,EB,,
92497105,1,IS,,,IS,,,,,,IS,IS,,IS,,,,,,,,,,,
92497105,2,IS,,,IS,,,,,,IS,IS,,IS,,,,,,,,,,,
29821374,1,IS,,,IS,,,,,,IS,IS,,IS,,,,,,,,,,,
144193715,1,PC,,PC,,,,PC,,PC,,,,,,,,,PC,IS,PC,,,,
92501872,1,IS,,,,,,,IS,IS,IS,,,,,,,IS,,,,,,,
92451314,2,IS,IS,,,,IS,,,,,IS,,,,,IS,,,,,,,,
92451818,1,IS,IS,,,,IS,,,IS,,,IS,,,,,,,,,,,,
92451894,1,IS,IS,,,,,,,IS,,,IS,,,,IS,,,,,,,,
92565437,1,IS,IS,IS,,,,,,IS,,,IS,,,,,,,,,,,,
92565437,2,IS,IS,IS,,,,,,IS,,,IS,,,,,,,,,,,,
92566327,1,IS,IS,IS,IS,,,,,,,,IS,,,,,,,,,,,,
92451349,1,IS,IS,IS,,,,,,IS,,IS,,,,,,,,,,,,,
300871376,2,V,,V,,,V,,,V,,V,,,,,,,,,,,,,
92594505,1,EB,EB,EB,,,EB,,,EB,,,,,,,,,,,,,,,
92708508,1,IS,,,,,,,IS,IS,,IS,,,,,,IS,,,,,,,
92630472,1,IS,,,,,,,IS,IS,,V,IS,,,,,,,,,,,,
92631388,1,IS,,IS,,,,,,,,,,,,,IS,,IS,IS,,,,,
92707327,1,IS,,,,,IS,,,,,,IS,,,,,,IS,,IS,,,,
92630250,1,IS,,,,,IS,,,IS,IS,,,,IS,,,,,,,,,,
92629854,1,IS,,,,,,,,IS,,IS,IS,,,IS,,,,,,,,,
92733122,1,IS,,,,,,,IS,,IS,IS,IS,,,,,,,,,,,,
92709374,2,IS,,,,IS,,,,,,IS,,,IS,,IS,,,,,,,,
92749466,2,IS,,,,IS,,,IS,,,IS,,,,,,,,V,,,,,
29498496,1,IS,,,IS,,,,,,IS,IS,,IS,,,,,,,,,,,
92629879,1,IS,,IS,,,,,,IS,,IS,,,,,,,IS,,,,,,
92749466,1,IS,,,,IS,,,IS,,,,,,,IS,,,,V,,,,,
92630899,1,IS,,,,,IS,,IS,IS,,,,,,IS,,,,,,,,,
25299762,1,IS,,,,,,,IS,IS,,,,,,IS,,IS,,,,,,,
92655416,1,V,V,,,,,,,IS,,,V,,,,IS,,,,,,,,
92630380,1,IS,IS,,,,IS,,,IS,,,IS,,,,,,,,,,,,
92708084,1,IS,,,,,,,,IS,,,IS,,,,,,IS,,IS,,,,
92708084,2,IS,,,,,,,,IS,,,IS,,,,,,IS,,IS,,,,
92709374,1,IS,,,,IS,IS,,,,,,,,IS,,IS,,,,,,,,
92629871,1,IS,,,,,,,,IS,,IS,IS,,,,,,IS,,,,,,
92629871,2,IS,,,,,,,,IS,,IS,IS,,,,,,IS,,,,,,
92751438,1,IS,,,,,,,IS,IS,IS,,,,,,,IS,,,,,,,
92708508,2,IS,,,,,,,IS,IS,,,,,,,,IS,,,,IS,,,
97402522,1,EB,,,,,,,EB,,PC,EB,EB,,,,,,,,EB,,,,
92877691,1,IS,,,IS,IS,,,,,,,,,,V,,,,V,,,,,
92863086,1,IS,IS,V,,,IS,,,,,,IS,,,,,,,,,,,,
92788444,1,IS,,,,,,,IS,IS,IS,IS,,,,,,,,,,,,,
92786840,1,IS,,,,,,,IS,,IS,IS,,,,,,,,,,IS,,,
99494149,1,IS,,,,,,,,,,,,,IS,,IS,IS,,IS,,,,,
92911484,1,IS,,,,,IS,,IS,IS,,,,,,IS,,,,,,,,,
92786857,1,IS,,,,,,,IS,IS,,,,,,IS,,IS,,,,,,,
382626661,1,PC,,PC,,,,PC,,PC,,,PC,,,,,,PC,,,,,,
97409519,1,PC,PC,V,,,PC,PC,,PC,,,PC,,,,,,,,,,,,
92873799,1,IS,,IS,,,,,,IS,,,,,IS,,,IS,,,,,,,
97402522,2,EB,,,,,,EB,IS,,U,EB,,PC,,,,,,,V,,,,
92873799,2,IS,,IS,,,,,,IS,,,,,IS,,,IS,,,,,,,
41364284,1,,,,EB,,,,,,PC,PC,,PC,,,,,,,,,,,
92873799,3,IS,,IS,,,,,,IS,,,,,IS,,,IS,,,,,,,
92875485,1,IS,,IS,,,IS,,,IS,,,IS,,,,,,,,,,,,
92875485,2,IS,,IS,,,IS,,,IS,,,IS,,,,,,,,,,,,
92751438,2,IS,,,,,,,IS,IS,IS,,,,,,,IS,,,,,,,
92877752,1,V,,,,,,,,V,,,,,V,,,,,V,,,,,
99465976,1,EB,,,,,,,,EB,,,EB,,EB,,EB,,,,,,,,
92862057,1,IS,,IS,,,,,,,,,IS,,,,,,IS,,IS,,,,
92628706,1,EB,,,,U,,,,EB,,,,,,,,,EB,EB,EB,,,,
126944775,2,EB,,EB,,,,,,V,,EB,,,,,,,EB,,,,,,
126700850,1,EB,,,,,,,EB,EB,PC,EB,,,,,,,,,,,,,
139067693,1,EB,,,,V,,,,,,EB,,,,,,,EB,V,,,,,
126637970,1,IS,,,,,,,,,IS,IS,IS,IS,,,,,,,,,,,
126602778,1,EB,,,EB,,,,,,,,,,,,,,EB,,EB,EB,EB,,
99566892,1,IS,,,IS,,,,,,IS,IS,,IS,,,,,,,,,,,
115115136,1,EB,,,EB,EB,,,,,,,,,,EB,,,,,,EB,EB,,
115115136,2,EB,,,EB,EB,,,,,,,,,,PC,,,,,,,IS,,
126763885,1,EB,,,,,EB,,,EB,,,,,EB,,,EB,,EB,,,,,
126763885,2,EB,,,,EB,EB,,,,,,,,EB,,,EB,,U,,,,,
115105140,1,EB,EB,EB,,,,,,EB,,,,,,,EB,,,,,,,,
117515123,1,V,,EB,,V,,,,V,,,,,EB,,,,,,,,,,
117515123,2,V,,EB,,V,,,,V,,,,,EB,,,,,,,,,,
126945917,1,EB,,EB,,,EB,,,EB,,EB,,,,,,,,,,,,,
117544915,2,EB,EB,EB,,,,,,O,,IS,,,,,,,,,,,,,
117544915,3,EB,EB,EB,,,,,,EB,,IS,,,,,,,,,,,,,
117544915,1,EB,EB,EB,,EB,,,,EB,,EB,,,,,,,,,,,,,
139128537,1,EB,,,,EB,,,,EB,,EB,,,,,,,EB,,,,,,
121420805,1,EB,,,,EB,,,,,,EB,,,,,,,EB,V,,,,,
121420805,2,EB,,,,EB,,,,,,EB,,,,,,,EB,EB,,,,,
126805047,1,V,,EB,,,,,,,,,V,,,,,,V,V,,,,,
126805047,2,V,,EB,,,,,,,,,V,,,,,,V,V,,,,,
266996791,1,EB,,EB,,EB,,,,EB,,,,,,,,,EB,,,,,,
139188326,1,EB,,,,,,,EB,EB,,EB,EB,,,,,,,,,,,,
139700621,1,V,,,,EB,,,V,V,,EB,,,,,,,,,,,,,
139721086,1,EB,,,,,,,,EB,EB,,,,EB,,,,,EB,,,,,
139700621,2,V,,,,IS,,,V,V,,EB,,,,,,,,,,,,,
139699256,2,EB,,,EB,,,,,,,,EB,,,,,,EB,,,EB,,,
139699256,1,EB,,,EB,,,,,,,,EB,,,EB,,,EB,,,EB,,,
139148071,1,EB,EB,,,EB,,,,,EB,,EB,,,,,,,,,,,,
139148071,2,EB,EB,,,EB,,,,,EB,,EB,,,,,,,,,,,,
139804696,1,EB,,,,,,,,,,EB,EB,V,,,,,,,,,,,
139825840,1,EB,,,EB,,,,,,EB,EB,,EB,,,,,,,,,,,
126637765,1,EB,,,EB,,,,,,EB,EB,,EB,,,,,,,,,,,
139804696,3,EB,,,,,,,,,IS,EB,EB,V,,,,,,,,,,,
139256217,1,EB,,,,,,EB,,PC,PC,,EB,,EB,,PC,,PC,,,,,,
139198430,1,PC,,,,,,PC,PC,,PC,PC,PC,,,,,,,,,,,,
139148616,2,IS,,,,V,,,,,,,,,IS,,,,IS,IS,,,,,
139148616,1,V,,EB,,V,,V,,,,,,EB,PC,,,,PC,V,,,,,
139148528,1,PC,,PC,,,,PC,,,,,PC,,,,PC,,PC,IS,,,,,
139128537,2,EB,,,,EB,,,,EB,,EB,,,,,,,EB,,,,,,
139128537,3,IS,,,,IS,,,,V,,IS,,,,,,,IS,,,,,,
139207681,1,EB,,EB,,,,,,,,,EB,EB,,,,,EB,,,,,,
139207681,2,EB,,EB,,,,,,,,,EB,EB,,,,,EB,,,,,,
139207681,3,EB,,EB,,,,,,,,,EB,EB,,,,,EB,,,,,,
139841210,1,EB,,EB,,,,,,,,,EB,EB,,,,,EB,,,,EB,,
141268467,2,V,,,,,,,V,V,,IS,,,,,,IS,,,,,,,
140659980,1,EB,,EB,,,,,,EB,,,EB,,,,,,EB,,,,,,
140659980,2,EB,,EB,,,,,,EB,,,EB,,,,,,EB,,,,,,
140510824,1,V,,,,,,,V,V,,EB,EB,,,,,,,,,,,,
140510824,2,V,,,,,,,V,V,,EB,EB,,,,,,,,,,,,
140859822,1,IS,,,,,,,IS,,,IS,IS,,,,,,,,IS,,,,
140039144,1,V,,V,,V,,,,,,,EB,,,,,,V,,,,,,
140859822,2,IS,,,,,,,IS,,,IS,IS,,,,,,,,IS,,,,
141335886,1,IS,,,,IS,,,IS,,IS,IS,,,,,,,,,,,,,
141606986,2,EB,EB,,,V,EB,,,,,EB,,,,,,,,,,,,,
141606986,3,EB,EB,,EB,,EB,,,,,EB,,,,,,,,,,,,,
141606986,1,IS,V,,,,IS,,,,,IS,,,,,EB,,,,,,,,
141484981,1,V,,V,,,,,,,,,,,,,,,EB,,V,,,,
234295610,2,V,,,,IS,,,,,,,,,V,,IS,V,,,,,,,
140045538,2,IS,,IS,,,,,,,,,IS,V,,,,,V,V,,,,,
140045538,3,IS,,IS,,,,,,,,,IS,IS,,,,,V,IS,,,,,
141484981,2,V,,V,,,,,,,,EB,,,,,,,IS,,V,,,,
140940493,1,EB,,,EB,,,,,,,EB,EB,EB,,,,,,,,,,,
140940493,2,EB,,,EB,,,,,,,EB,EB,EB,,,,,,,,,,,
141334293,1,IS,,,IS,,,,,,IS,IS,,IS,,,,,,,,,,,
139804696,2,IS,,,,,,,,,IS,IS,EB,IS,,,,,,,,,,,
141186075,1,PC,,,,,,PC,IS,,IS,PC,PC,PC,,PC,,,,,,,,,
142148228,2,IS,,,,,,,IS,V,IS,IS,,,,,,,,,,,,,
142148228,4,IS,,,,,,,IS,V,IS,IS,,,,,,,,,,,,,
302298728,1,EB,EB,EB,,,,,,V,,,EB,,,,,,,,,,,,
142148228,3,IS,,,,,,,IS,V,IS,IS,,,,,,,,,,,,,
142148228,1,EB,,,,,,,EB,EB,PC,EB,PC,,,,,,,,,,,,
141622065,1,EB,,,,EB,,,,EB,,,,,EB,,EB,,,,,,,,
141914082,1,IS,,,,,,,,IS,,,IS,,IS,,IS,,,,,,,,
41483281,1,V,,,,,,,,V,,,EB,,,,,,V,V,,,,,
141770047,1,V,,,EB,,,,,,EB,V,,V,,,,,,,,,,,
394357918,1,PC,,PC,,,,PC,,PC,,,,,,,,,PC,,PC,,PC,,
143822655,1,V,,,IS,,,V,,,V,V,IS,EB,,,,,,,,,,,
141865875,2,V,,,,V,,,V,,,,,,,EB,,V,,,,,,,
141865875,3,V,,,,V,,,V,,,,,,,IS,,V,,,,,,,
141708335,1,EB,,EB,,,,,,EB,,,EB,,,,EB,,PC,,,,,,
30312104,1,IS,,,,,IS,,U,IS,,,,,,IS,,,,,,,,,
141865875,1,V,,,,V,,,V,,EB,,,,,EB,,V,,,,,,,
143924219,1,EB,,,,EB,,,,EB,,EB,,EB,,,,,EB,,,,,,
143924219,2,EB,,,,EB,,,,EB,,EB,,EB,,,,,EB,,,,,,
141809359,2,EB,,,,,,,EB,EB,,EB,,,,,,EB,,,,,,,
144000467,1,EB,,,,,,,,EB,,,EB,,,,,,EB,,EB,,EB,,
144000467,2,EB,,,,,,,,EB,,,EB,,,,,,EB,,EB,,EB,,
355703913,1,PC,,PC,,,PC,PC,,EB,,PC,,,,,PC,,,,,,,,
270356871,1,IS,IS,V,,V,,IS,,,V,,EB,,,,,,,,,,,,
92451314,1,IS,IS,,,,PC,IS,,,IS,PC,EB,,,,IS,,,,,,,,
92352620,1,PC,PC,,,PC,,PC,,PC,,PC,,,,PC,,,,,,EB,,,
402065927,1,EB,,,,,,,,EB,,,EB,,,,,,EB,EB,,,,,
144218285,1,IS,,,,IS,,,,,IS,,,,,IS,,,,IS,,,,,
62483237,1,PC,,PC,,,PC,PC,,PC,,,,,PC,,,PC,,PC,,,,,
235005133,1,IS,,V,,,,,,,,,,,,,,,IS,IS,PC,,,,
143855290,1,EB,,,,,PC,EB,PC,EB,,,,,,PC,,,,,,,,,
140068425,1,PC,,PC,PC,,PC,PC,,PC,,,,,,,,,,,,,,,
144462697,1,EB,EB,,,,,,,EB,,,EB,,,EB,,,,,,,,,
144462697,2,EB,EB,,,,,,,EB,,,EB,,,IS,,,,,,,,,
92731064,1,IS,,,,,,,IS,IS,IS,,,,,,,IS,,,,,,,
260654645,1,V,V,V,,,,,,V,,,V,,,,,,,,,,,,
29831208,1,PC,,,,,,PC,,,,PC,PC,,,PC,,,,,,PC,,,
326445217,1,IS,IS,V,,,,,,IS,,IS,,,,,,,,,,,,,
147083089,1,V,,EB,,V,EB,,,V,,,,,,,,,,,,,,,
149988523,1,IS,,,,,,,IS,IS,,IS,IS,,,,,,,,,,,,
147271811,1,V,,,,,,,V,,,V,EB,,,,,,,,,,,,
147201138,1,EB,,,,EB,,,,,,EB,EB,,,,,,EB,,,,,,
147201138,2,EB,,,,EB,,,,,,IS,EB,,,,,,EB,,,,,,
147131974,2,EB,EB,,,,,,,EB,,,EB,,,EB,,,,,,,,,
149346418,1,IS,,,,,,,IS,,,IS,IS,,,,,,,,IS,,,,
147133612,1,IS,,EB,,,,,,,,,IS,IS,,,,,V,,,,,,
92255054,1,IS,,,,,,,IS,IS,,,,,,IS,,IS,,,,,,,
150062931,1,IS,IS,IS,,,IS,,,IS,,,,,,,,,,,,,,,
149444341,1,IS,V,EB,,,PC,,,,,IS,IS,,IS,,IS,,,,,,,,
149308175,1,EB,,,EB,,,,,,,EB,EB,V,,,,,,,,,,,
147271811,2,V,,,,,,,V,,,V,EB,V,,,,,,,,,,,
147201138,3,IS,,,,,,,,,,IS,EB,EB,,,,,IS,,,,,,
147201138,4,EB,,,,,,,,,,EB,EB,EB,,,,,EB,,,,,,
147201138,5,IS,,,,,,,,,,IS,EB,EB,,,,,IS,,,,,,
149473467,1,EB,,,,,,,,,EB,EB,EB,EB,,,,,,,,,,,
149248196,1,IS,,,IS,,,,,,V,IS,,EB,,,,,,,,,,,
149248196,2,IS,,,IS,,,,,,V,IS,,EB,,,,,,,,,,,
149248196,4,IS,,,IS,,,,,,V,IS,,EB,,,,,,,,,,,
149603524,1,PC,PC,,,PC,,PC,,PC,,,PC,,,PC,,,,,,,,,
149346418,2,EB,,,,,,EB,U,,,U,IS,PC,,,,,,,EB,,,,
149102762,1,EB,,,,,,EB,,EB,,,,,V,,,U,,V,V,,,,
150187916,1,EB,,,,,,,EB,EB,,EB,EB,,,,,,,,,,,,
150187916,2,EB,,,,,,,EB,EB,,EB,EB,,,,,,,,,,,,
402065927,2,EB,,,,,,,,EB,,,EB,,,,,,EB,EB,,,,,
150167319,1,V,,,,,,,V,V,,V,V,,,,,,,,,,,,
150145456,1,EB,,,,,,,V,,EB,EB,,,,,,,,,,,,,
150431920,1,IS,,IS,,,,,,,,,IS,,,,IS,,IS,,,,,,
150145456,2,EB,,,,,,,V,,EB,EB,,V,,,,,,,,,,,
309146836,1,EB,EB,EB,,,EB,,,,,,EB,,,,,,,,,,,,
150442264,1,EB,,,EB,,,,,,EB,EB,,EB,,,,,,,,,,,
150442264,2,EB,,,EB,,,,,,EB,EB,,EB,,,,,,,,,,,
150187916,3,IS,,,,,,IS,V,EB,,IS,EB,EB,,,,,,,,,,,
150098860,1,PC,,,PC,IS,,PC,PC,,,,,,,PC,,,,IS,,,,,
150187916,4,IS,,,,,,IS,V,EB,,IS,EB,EB,,,,,,,,,,,
150100627,1,V,,,,,,,,,,,V,,,,V,,V,,V,,,,
150100627,2,IS,,,,,,,,,,,V,,,,IS,,IS,,V,,,,
150100627,3,IS,,,,,,,,,,,V,,,,IS,,IS,,V,,,,
150100627,4,IS,,,,,,,,,,,V,,,,IS,,IS,,V,,,,
150432211,1,IS,,,,,,,,,,IS,IS,,,,IS,,IS,,,,IS,,
150162739,2,IS,IS,,,V,,,,,,V,IS,,,,,,,,,,,,
150166721,1,V,,,,V,,,V,,,,,,,EB,,,,V,,,,,
150166721,2,V,,,,V,,,V,,,,,,,EB,,,,V,,,,,
150100421,1,V,,,,,,,IS,V,,IS,,,,,,V,,,,,,,
214772274,1,IS,IS,V,,,,,,,,IS,IS,,,,,,,,,,,,
152226902,1,IS,,,,,,,IS,IS,,,IS,,,,,,,,,,EB,,
152250937,1,IS,,,,,,,IS,IS,,IS,IS,,,,,,,,,,,,
152250936,1,IS,,,,,,,IS,IS,,IS,IS,,,,,,,,,,,,
152250936,2,IS,,,,,,,IS,IS,,IS,IS,,,,,,,,,,,,
152825521,1,EB,,EB,,,,,,EB,,,EB,,V,,,,,,,,,,
152222233,1,IS,,,,,,,,IS,,,,,IS,,IS,IS,,,,,,,
152184774,1,IS,,,IS,IS,,,,,,,,,,U,,,,IS,,,,,
152250917,1,IS,,IS,,,,,,IS,,,IS,,IS,,,,,,,,,,
152254863,1,V,,EB,V,,,,,V,,,,,V,,,,,,,,,,
152282527,3,V,,V,,IS,V,,,,,,,,V,,,,,,,,,,
152223725,1,EB,,,,,,,,EB,,,,,,,EB,,EB,,,,,,
150442264,3,IS,,,IS,,,,,,IS,IS,,IS,,,,,,,,,,,
152282527,1,V,,V,,,V,,,,,EB,,,V,,,,,,,,,,
150442264,4,IS,,,IS,,,,,,IS,IS,,IS,,,,,,,,,,,
152282527,2,V,,V,,,V,,,,,EB,,,V,,,,,,,,,,
150442264,5,IS,,,IS,,,,,,IS,IS,,IS,,,,,,,,,,,
150442264,6,IS,,,IS,,,,,,IS,IS,,IS,,,,,,,,,,,
152223725,2,EB,,,,,,,,EB,,EB,,,,,EB,,EB,,,,,,
152283270,1,PC,,,PC,U,,PC,PC,,,,,,,PC,,,,U,,,,,
152223725,3,EB,,,,,,,,EB,,EB,,,,,EB,,EB,,,,,,
141809359,1,EB,,,,,,,EB,EB,,EB,,,,,,EB,,,,,,,
166969346,2,V,,,,,,,V,V,,EB,,,,,,V,,,,,,,
161176007,1,IS,,IS,,,IS,,,,,,,,IS,,IS,,,,,,,,
161174286,1,V,,V,V,,,,,V,,,,,,,V,,,,,,,,
161175802,1,IS,,,,,,,IS,IS,,IS,IS,,,,,,,,,,,,
159690250,1,IS,,,,,,,IS,,U,IS,IS,PC,,,,,,,,,,,
167123437,1,EB,,,,EB,,,,,,,EB,,,,,,EB,,,,EB,,
167123437,2,EB,,,,EB,,,,,,,EB,,,,,,IS,,,,EB,,
161262226,1,EB,,,,V,,,,V,,,EB,,,,,,EB,,,,,,
167344043,1,V,,EB,,,,,,IS,,,,,,,,,V,V,,,,,
160064321,1,IS,,,IS,,,,,,,IS,IS,IS,,,,,,,,,,,
167344043,2,IS,,IS,,,,,,IS,,,,,,,,,IS,IS,,,,,
160064742,1,,,,IS,,,,,,IS,PC,,PC,,,,,,,,,,,
152926069,1,EB,,,,,,,,,EB,EB,EB,,,,,,EB,,,,,,
160036449,1,EB,,,EB,,,,,,EB,EB,,EB,,,,,,,,,,,
152926069,2,EB,,,,,,,,,EB,EB,EB,,,,,,EB,,,,,,
160036449,2,EB,,,EB,,,,,,EB,EB,,EB,,,,,,,,,,,
167415965,1,PC,,,,,,PC,U,PC,,PC,IS,,,,,,,,PC,,,,
167007869,1,V,,V,,V,,V,,,,,EB,,,,,,V,IS,,,,,
161167878,1,IS,,,IS,,,,,,,IS,,,,,,,IS,,IS,,,,
161267453,1,IS,,,IS,,,,,,,,,,,,,,IS,,IS,,IS,,
161267453,2,IS,,,IS,,,,,,,,,,,,,,IS,,IS,,IS,,
149347480,1,V,,,,,,,V,V,,,,,,V,,V,,,,,,,
167692429,1,EB,,,,EB,,,,EB,EB,,,,EB,,EB,,,,,,,,
183494861,1,V,V,,,,,,,,,,V,,,EB,,,,,,V,,,
167572319,1,IS,IS,IS,,,,,,,,IS,IS,,,,,,,,,,,,
167525513,1,IS,,,,,,,IS,,IS,IS,IS,,,,,,,,,,,,
179304342,1,EB,,,,,,,,,,EB,EB,,,,,,PC,EB,,,EB,,
179040607,1,V,,,,,,,V,,V,V,IS,,,,,,,,,,,,
176955267,1,IS,,,,,,,IS,IS,,IS,IS,,,,,,,,,,,,
177116487,1,IS,,,,,,,,IS,,,,,IS,,IS,V,,,,,,,
179038379,1,IS,,,,,,,,IS,IS,,,,IS,,,,,IS,,,,,
176958076,1,V,,,,,,,,V,,,EB,,V,,,V,,,,,,,
179305059,1,EB,,,EB,,,,,,EB,EB,,EB,,,,,,,,,,,
167602025,1,V,,,V,,,,,,V,IS,,V,,,,,,,,,,,
176957796,1,PC,,,,,,PC,PC,PC,,,PC,,,,,PC,,,,,,,
167602738,1,EB,,,EB,V,,EB,,,,,,,,EB,,,,IS,,,,,
177309964,1,V,V,,,V,,,,V,,,EB,,,,,,,,,,,,
177309964,2,V,V,,,V,,,,V,,,EB,,,,,,,,,,,,
177309964,3,V,V,,,V,,,,V,,,EB,,,,,,,,,,,,
167602738,2,EB,,,EB,V,,EB,,,,EB,,,,EB,,,,IS,,,,,
177353450,1,V,V,,,,,,,V,,V,V,,,,,,,,,,,,
177022232,1,EB,EB,V,,,,,,O,,EB,,,,,,,,,,,,,
180412528,1,EB,,EB,,,,,,EB,,EB,,,,,,,,EB,,,,,
180412528,2,EB,,EB,,,,,,EB,,IS,,,,,,,,IS,,,,,
197758148,1,IS,,EB,IS,,,,,,,,,,,,,,IS,IS,,,,,
197600208,1,IS,,,,,,,IS,IS,,IS,IS,,,,,,,,,,,,
197958034,1,IS,,,,,,,IS,,IS,IS,IS,,,,,,,,,,,,
183494861,2,V,V,,,,,,,,,,V,,,EB,,,,,,V,,,
180413022,1,V,,,,,,,IS,,U,V,V,,,U,,,,,V,,,,
197766143,1,EB,,,,EB,,,,EB,EB,,,,EB,,,,,,,,,,
197766143,2,EB,,,,EB,,,,EB,EB,,,,EB,,,,,,,,,,
197980131,1,IS,,,,,,,,IS,,,IS,,IS,,,,,,IS,,,,
181233908,1,EB,,,,,,,,,EB,EB,EB,EB,,,,,,,,,,,
197760286,1,PC,,PC,,,,PC,,PC,,,,,EB,,PC,,,PC,,,,,
181043668,1,EB,,,,,PC,EB,,EB,,,,,U,,,U,,IS,,,,,
197977189,1,PC,,,,,,PC,U,,IS,PC,PC,,,PC,,,,,,,,,
197596346,1,PC,,,,,PC,PC,PC,,PC,,,,,PC,,,,IS,,,,,
197570458,2,EB,,EB,,,,EB,,,,EB,EB,,,,,,PC,PC,,,,,
181043970,2,EB,,,,,,,,EB,,IS,,,,,,,EB,IS,,,,,
181043970,3,EB,,,,,,,,EB,,EB,,,,,,,EB,EB,,,,,
181043970,1,EB,,,,,,,,EB,,EB,,,,,,,EB,EB,,,EB,,
197735761,2,EB,,EB,,,,,,,,,EB,,,,,,IS,,EB,,,,
197570458,1,EB,,EB,,,,,,,,,EB,,,,,,PC,EB,,,EB,,
201293780,1,EB,,,,,,,EB,,EB,EB,EB,,,,,,,,,,,,
201293780,2,IS,,,,,,,V,,IS,IS,EB,,,,,,,,,,,,
206327797,1,EB,,,,,,,,,EB,EB,V,,,,,,EB,,V,,,,
206327797,2,EB,,,,,,,,,EB,EB,V,,,,,,EB,,V,,,,
201291281,1,EB,EB,,,EB,EB,,,,,,EB,,,,,,,,,,,,
206327795,1,V,,,,,,,V,V,,V,,,,,,,,,V,,,,
197980131,2,IS,,,,,,,,IS,,,IS,,IS,,,,,,IS,,,,
201292296,1,IS,,,,,,,,V,IS,,IS,,IS,,,,,,,,,,
150101472,1,EB,,EB,,EB,,,,EB,,EB,EB,,,,,,EB,,,,,,
206327795,2,V,,,,,,,V,V,,V,,,,,,,,,V,,,,
200655763,1,EB,EB,EB,,,,,,V,,,EB,,,,,,,,,,,,
197980430,2,IS,,IS,,,,,,,,,IS,,,,,,IS,,IS,,,,
197980430,1,IS,,IS,,,,,,IS,,,IS,,,,,,IS,,IS,,,,
150361803,1,V,V,V,,,,,,V,,V,,,,,,,,,,,,,
204497617,2,EB,EB,EB,EB,,,,,EB,,,,,,,,,,,,,,,
201234926,1,,,,EB,,,,,,PC,EB,,PC,,,,,,,,,,,
200645730,1,V,,,EB,,,,,,,V,V,EB,,,,,,,,,,,
201176965,1,EB,EB,EB,,,,,,EB,,,,,,,EB,,,,,,,,
201176965,3,EB,EB,EB,,,,,,EB,,,,,,,EB,,,,,,,,
201256771,1,EB,,,EB,,,,,,EB,EB,,EB,,,,,,,,,,,
201231051,1,,,,IS,,,,,,IS,PC,,IS,,,,,,,,,,,
201248411,1,PC,,,PC,,,PC,,,PC,PC,,PC,,,,,,,,,,,
206462125,1,IS,,,IS,,,,,,,,,,,,,,IS,,IS,,IS,,
206462606,1,IS,,,,,,,IS,IS,,IS,IS,,,,,,,,,,,,
206537793,1,IS,,,,,,,IS,,EB,IS,IS,,,,,,,,,,,,
206460831,1,V,V,V,,,,,,V,,,EB,,,,,,,,,,,,
207080350,1,EB,,,,,,,,EB,EB,,EB,,EB,,,,,,,,,,
207080350,2,EB,,,,,,,,EB,EB,,EB,,EB,,,,,,,,,,
204497617,1,EB,EB,EB,,,EB,,,EB,,,,,,,,,,,,,,,
206488312,1,IS,,,IS,U,,,,,,,,,,IS,,,,V,,,,,
206537272,1,EB,,EB,,,,,,,,,EB,EB,,,,,EB,,,,,,
206537272,2,EB,,EB,,,,,,,,,EB,EB,,,,,IS,,,,,,
206537272,3,EB,,EB,,,,,,,,,EB,EB,,,,,IS,,,,,,
206462116,1,EB,,EB,,EB,,,,EB,,,,,,,,,EB,,,,,,
30312676,1,EB,,,,,,,,V,,,EB,,,,,,EB,EB,,,,,
206508611,1,IS,,,IS,,,,,,,IS,IS,EB,,,,,,,,,,,
206471497,1,IS,,,IS,,,,,,,IS,IS,IS,,,,,,,,,,,
206544316,1,V,,,V,,,,,,V,EB,,V,,,,,,,,,,,
206544316,2,V,,,V,,,,,,IS,IS,,V,,,,,,,,,,,
206544316,3,IS,,,IS,,,,,,IS,IS,,IS,,,,,,,,,,,
206498138,1,,,,IS,,,,,,IS,IS,,PC,,,,,,,,,,,
206505336,1,IS,,,,,,IS,U,IS,U,IS,,,,,,IS,,,,,,,
206609630,1,PC,,,,,,PC,EB,,EB,PC,PC,PC,,,,,,,,,,,
206609630,2,IS,,,,,,IS,V,,EB,IS,IS,IS,,,,,,,,,,,
126944775,1,EB,,EB,,,,,,EB,,EB,,,,,,,EB,,,,,,
166969346,1,V,,,,,,,V,V,,EB,,,,,,V,,,,,,,
212254905,1,IS,,,,,,,,V,,,,,IS,,,IS,,IS,,,,,
209394833,1,IS,IS,IS,,,,,,IS,,,IS,,,,,,,,,,,,
212254842,1,IS,,,,,,,,,,IS,IS,,,,,,IS,,IS,,,,
212254905,2,IS,,,,,,,,V,,,,,IS,,,IS,,IS,,,,,
212288885,1,IS,,,,,,,IS,V,,IS,IS,,,,,,,,,,,,
212296170,1,IS,,,V,V,,,,,,,,,,U,,,,IS,,IS,,,
212294687,1,IS,,,,,,,IS,,IS,IS,,,,,,,,,IS,,,,
212252042,2,IS,,,,IS,,,,V,,,,,IS,,IS,,,,,,,,
212252042,3,V,,,,V,,,,V,,,,,IS,,IS,,,,,,,,
212252042,1,IS,,,,,IS,,,V,,,,,IS,,IS,,,EB,,,,,
212262393,1,V,V,IS,,,,,,V,,V,,,,,,,,,,,,,
212296228,1,IS,,,,,,,IS,,IS,IS,,,,IS,,,,,,,,,
212296228,2,IS,,,,,,,IS,,IS,IS,,,,IS,,,,,,,,,
212267307,1,IS,,,,,,,IS,,IS,IS,IS,,,,,,,,,,,,
211414032,1,IS,,,V,,,,,,IS,IS,,IS,,,,,,,,,,,
211380233,1,EB,,,,,,EB,U,EB,PC,EB,PC,,,,,,,,,,,,
207081058,1,PC,PC,PC,PC,,,PC,,,,PC,,,,,,,,,,,,,
211412634,2,IS,,,,,,IS,,V,V,V,EB,,IS,,,,,,,,,,
211354429,1,IS,,,,,,,,IS,IS,,IS,,IS,,,,,,,,,,
211412634,1,V,,,,,,,,V,EB,,EB,,V,,,,,,,,,,
214299966,2,V,,,,,,,IS,V,,IS,,,,,,,,,V,,,,
212320065,1,IS,,,,,,,IS,,IS,IS,IS,,,,,,,,,,,,
214299966,1,EB,,,,,,,EB,PC,EB,EB,,,,,,,,,EB,,,,
325178532,1,O,O,V,,,,,,EB,,,O,,,,,,,,,,,,
214516789,1,IS,,,,,,,IS,IS,IS,IS,,,,,,,,,,,,,
214198381,1,EB,,,,EB,,,,V,,,EB,EB,IS,,,,,,,,,,
441386863,3,IS,IS,,,,,,,,,IS,IS,,,,IS,,,,,,,,
212323118,2,IS,,,,,,,IS,,,IS,,IS,,,,O,,,,,,,
212344096,1,IS,,,,,,,,IS,,,IS,IS,,,,,IS,,,,,,
212344482,1,EB,,,,,,,,EB,,,EB,,,,,,EB,EB,,,,,
212344482,2,IS,,,,,,,,EB,,,EB,,,,,,IS,IS,,,,,
212348411,1,IS,,,IS,,,,,,IS,IS,,IS,,,,,,,,,,,
214517366,1,PC,,,,,,PC,,,EB,PC,PC,,,PC,,,,,,EB,,,
214299966,3,PC,,,,,,PC,EB,PC,,EB,,EB,,,,,,,PC,,,,
212354618,1,IS,,EB,,,,IS,,,,,IS,PC,,,EB,,PC,,IS,,,,
212297095,2,IS,,EB,,,,IS,,,,,IS,,,,,,IS,,,,IS,,
214428425,1,IS,,V,,,,,,,IS,,,,,,,,IS,,IS,,,,
214428425,2,IS,,V,,,,,,,IS,,,,,,,,IS,,IS,,,,
212297095,1,IS,,IS,,,,,,,,,IS,,,,,,IS,,,,IS,,
214299836,1,V,,,,,EB,,V,,,,,,,EB,,,,V,,,,,
214299836,2,IS,,,,,IS,,IS,,,,,,,IS,,,,IS,,,,,
212323118,1,IS,,,,,,,IS,IS,,,,,,IS,,O,,,,,,,
214873946,2,V,,,IS,,,,,,,IS,,,,V,,,,V,,,,,
214772414,1,IS,,,,,,,,,,IS,IS,,,,,,IS,,IS,,,,
214772414,2,IS,,,,,,,,,,IS,IS,,,,,,IS,,IS,,,,
214772414,3,IS,,,,,,,,,,IS,IS,,,,,,IS,,IS,,,,
214873946,1,V,,,IS,,,,,,,,,,,V,,,,V,,,,,
214517426,1,IS,,,,,,,,IS,,,,,IS,,,,,IS,IS,,,,
214517426,2,IS,,,,,,,,IS,,,,,IS,,,,,IS,IS,,,,
214772274,2,IS,IS,V,,,,,,,,IS,IS,,,,,,,,,,,,
214709620,2,IS,,,,,,,,IS,,,IS,,IS,,,IS,,,,,,,
214709620,3,IS,,,,,,,,IS,,,IS,,IS,,,IS,,,,,,,
214709620,4,IS,,,,,,,,IS,,,IS,,IS,,,IS,,,,,,,
214709620,5,IS,,,,,,,,IS,,,IS,,IS,,,IS,,,,,,,
214709620,1,IS,,,,,,,,IS,,,IS,IS,IS,,,IS,,,,,,,
214772353,1,IS,IS,IS,,,IS,,,,,IS,,,,,,,,,,,,,
214772353,2,IS,IS,IS,,,IS,,,,,IS,,,,,,,,,,,,,
214772353,3,IS,IS,IS,,,IS,,,,,IS,,,,,,,,,,,,,
214772353,4,IS,IS,IS,,,IS,,,,,IS,,,,,,,,,,,,,
214568914,1,IS,IS,IS,,,IS,,,IS,,,,,,,,,,,,,,,
214568914,2,IS,IS,V,,,IS,,,IS,,,,,,,,,,,,,,,
214659089,1,IS,,IS,,,,,,IS,,,IS,,,,,,IS,,,,,,
214772358,1,IS,IS,IS,,,IS,,,IS,,,,,,,,,,,,,,,
214772358,2,IS,IS,IS,,,IS,,,IS,,,,,,,,,,,,,,,
214912528,1,IS,,,,,,,IS,,IS,IS,IS,,,,,,,,,,,,
214912528,2,IS,,,,,,,IS,,IS,IS,IS,,,,,,,,,,,,
214873946,3,V,,,IS,,,,,,,IS,,,,V,,,,V,,,,,
214912445,1,IS,,IS,,,,,,IS,,,,,IS,,,,,IS,,,,,
214873946,4,V,,,IS,,,,,,,IS,,,,V,,,,V,,,,,
214873946,5,V,,,IS,,,,,,,IS,,,,V,,,,V,,,,,
214912513,1,IS,,,,,,,,,,IS,IS,,,,,,IS,,IS,,,,
214912513,2,IS,,,,,,,,,,IS,IS,,,,,,IS,,V,,,,
214913775,1,IS,IS,IS,IS,,,,,,,IS,,,,,,,,,,,,,
214913775,3,IS,IS,IS,IS,,,,,,,IS,,,,,,,,,,,,,
214913685,1,IS,IS,IS,,,IS,,,IS,,,,,,,,,,,,,,,
214912529,5,IS,,,,IS,,,,V,,,,,IS,,IS,,,,,,,,
214912529,1,IS,,,,,,,,V,,,,,IS,,IS,,,V,,,,,
214912529,2,IS,,,,,,,,IS,,,,,IS,,IS,,,V,,,,,
214912529,3,IS,,,,,,,,IS,,,,,IS,,IS,,,V,,,,,
214912529,4,IS,,,,,,,,IS,,,,,IS,,IS,,,IS,,,,,
214913675,1,IS,,IS,,,,,,IS,,,,,,,IS,,IS,,,,,,
214913715,1,IS,,,,,IS,,IS,IS,,,,,,IS,,,,,,,,,
214913715,2,IS,,,,,IS,,IS,IS,,,,,,IS,,,,,,,,,
214913715,3,IS,,,,,IS,,IS,IS,,,,,,IS,,,,,,,,,
214913715,4,IS,,,,,IS,,IS,IS,,,,,,IS,,,,,,,,,
214913715,5,IS,,,,,IS,,IS,IS,,,,,,IS,,,,,,,,,
215054758,2,IS,,,,,,,IS,IS,,IS,IS,,,,,,,,,,,,
219118940,2,V,,,,V,,,,V,,,,,,,,,IS,,,,,,
215054758,3,IS,,,,,,,IS,IS,,IS,IS,,,,,,,,,,,,
219118940,1,V,,,,V,,,,V,,,EB,,,,,,V,,,,,,
214992269,1,IS,,,,,,,IS,IS,IS,IS,,,,,,,,,,,,,
214991065,1,IS,,,,,IS,,,IS,,,,,,IS,,IS,,,,,,,
214992269,2,IS,,,,,,,IS,IS,IS,IS,,,,,,,,,,,,,
214991065,2,IS,,,,,IS,,,IS,,,,,,IS,,IS,,,,,,,
214992269,3,IS,,,,,,,IS,IS,IS,IS,,,,,,,,,,,,,
214992269,4,IS,,,,,,,IS,IS,IS,IS,,,,,,,,,,,,,
214991065,3,IS,,,,,IS,,,IS,,,,,,IS,,IS,,,,,,,
215197039,1,IS,,,IS,,,,,,IS,IS,,IS,,,,,,,,,,,
266980320,1,PC,,,,,,PC,PC,EB,PC,PC,,,,,,PC,,,,,,,
215054743,1,IS,IS,IS,,,,,,IS,,,IS,,,,,,,,,,,,
215054743,2,IS,IS,IS,,,,,,IS,,,IS,,,,,,,,,,,,
215054743,3,IS,IS,IS,,,,,,IS,,,IS,,,,,,,,,,,,
215054743,4,IS,IS,IS,,,,,,IS,,,IS,,,,,,,,,,,,
219140650,2,IS,IS,,IS,,,,,IS,,,IS,,,,,,,,,,,,
214992249,1,IS,IS,IS,,,,,,IS,IS,,,,,,,,,,,,,,
214992249,2,IS,IS,IS,,,,,,IS,IS,,,,,,,,,,,,,,
214992249,3,IS,IS,IS,,,,,,IS,IS,,,,,,,,,,,,,,
214992249,4,IS,IS,IS,,,,,,IS,IS,,,,,,,,,,,,,,
92445814,1,IS,,,,,,,IS,IS,,IS,,,,,,IS,,,,,,,
219176544,1,IS,,,,,,,IS,,IS,IS,IS,,,,,,,,,,,,
219153443,1,IS,,,,,,,U,,IS,IS,IS,,,,,,,,IS,,,,
219335256,2,IS,,,,IS,,,,V,,,,,IS,,IS,,,,,,,,
219338651,1,EB,,,,,,,,,,,,,,EB,EB,,EB,,EB,,,,
219328784,1,EB,,,,,,,,,EB,EB,EB,,,EB,,,,,,,,,
219338651,2,EB,,,,,,,,,,IS,,,,IS,EB,,,,EB,,,,
219338651,3,EB,,,,,,,,,,EB,,,,EB,EB,,,,EB,,,,
220388567,1,EB,,,EB,,,,,,,EB,EB,EB,,,,,,,,,,,
220388567,2,IS,,,IS,,,,,,,IS,IS,IS,,,,,,,,,,,
219338901,1,EB,,,,,,,EB,EB,PC,,,,,,,EB,,,,,,,
260419922,1,IS,,PC,,,,IS,,,,,IS,PC,,,,,U,IS,,,,,
220453894,1,V,,,,V,,V,,V,,,EB,,U,,,IS,,,,,,,
220401282,1,IS,,EB,,,,IS,,,,,IS,,,,,,PC,IS,PC,,,,
219338557,1,PC,,PC,PC,,PC,PC,,,,,,,,,U,,,,,,,,
219141434,1,IS,,,,,,,IS,IS,O,IS,,,,,,,,,,,,,
219335256,1,EB,,EB,,V,,EB,,V,,,,,PC,,IS,,,,,,,,
219338901,2,EB,,,,,,EB,PC,PC,PC,EB,,,,,,EB,,,,,,,
220474209,1,EB,,,,,,,,EB,,,EB,,EB,,EB,,,,,,,,
237324767,1,V,V,,,,V,,,,EB,,,,,,V,,,,,,,,
220474209,2,EB,,,,,,,,EB,,,EB,,EB,,EB,,,,,,,,
219322317,2,EB,,,,,,,,EB,EB,,EB,,EB,,,,,,,,,,
219319702,1,IS,,,,,,,,IS,,,IS,,IS,,,,,,IS,,,,
229804573,2,EB,,,,,,,,,,,,,V,,EB,EB,,,,EB,,,
279615956,1,EB,EB,EB,,,,,,EB,,,EB,,,,,,,,,,,,
229804573,1,EB,,,,,,,,EB,,,,,V,,EB,,,,,EB,,,
220478846,1,V,,,,,,,V,,,V,EB,,,,,,,,V,,,,
220538891,1,IS,IS,,,V,,,,,,IS,,,,,IS,,,,,,,,
220476782,1,EB,,,EB,,,,,,,V,EB,EB,,,,,,,,,,,
220476782,2,EB,,,EB,,,,,,,V,EB,EB,,,,,,,,,,,
229054155,1,IS,,,,,,,,IS,,,IS,IS,IS,,IS,,,,,,,,
220497212,1,EB,,,EB,,,,,,IS,EB,,EB,,,,,,,,,,,
229034814,1,IS,V,EB,,,V,IS,,V,,,IS,,,,,,,,,,,,
220567625,1,EB,,,,,,,,EB,,,EB,,EB,,EB,,,,,,,,
220474209,3,IS,,,,,,IS,,V,,,EB,EB,IS,,IS,,,,,,,,
229808144,1,EB,EB,,,,,,,EB,,EB,EB,,,,,,,,,,,,
229808144,2,EB,EB,,,,,,,EB,,EB,EB,,,,,,,,,,,,
220570408,1,V,,V,,V,,,,,,,EB,,,,,,V,,,,,,
220557560,1,V,V,,,,,,,V,,V,EB,,,,,,,,,,,,
220570408,2,V,,V,,V,,,,,,,EB,,,,,,V,,,,,,
220521199,1,EB,,EB,,,,,,,,,EB,,,,,,EB,,EB,,,,
220521199,2,EB,,EB,,,,,,,,,EB,,,,,,EB,,EB,,,,
220523550,1,EB,,EB,EB,,PC,,,EB,,,EB,,,,,,,,,,,,
229057817,1,EB,,EB,,,,,,,,,EB,,,,,,EB,,,,EB,,
220482527,1,IS,,,,,,,,,,,,,IS,,IS,IS,,IS,,,,,
231704059,1,V,,,,,,,V,V,EB,V,,,,,,,,,,,,,
231742782,1,IS,,,,,,,IS,,IS,EB,IS,,,,,,,,,,,,
231833061,1,EB,,,,,,,,EB,,,,,EB,,EB,,,EB,,,,,
231629787,2,EB,EB,,EB,,EB,,,,,,EB,,,,,,,,,,,,
231715395,1,V,,,,,,,,V,,,,,IS,,V,,,,,V,,,
231715395,2,IS,,,,,,,,V,,,,,IS,,IS,,,,,V,,,
231810586,1,EB,EB,EB,,,,,,V,,,EB,,,,,,,,,,,,
231714759,1,EB,,,IS,,,,,,,EB,EB,EB,,,,,,,,,,,
231714759,2,EB,,,IS,,,,,,,EB,EB,EB,,,,,,,,,,,
231708319,1,V,,,,,,,,V,,,,,V,,,IS,,V,,,,,
231714759,3,IS,,,IS,,,,,,,IS,IS,IS,,,,,,,,,,,
231828370,1,EB,,EB,,,,,,EB,,,,,V,,,,,EB,,,,,
231670397,1,PC,,,PC,,,PC,,,,PC,PC,PC,,,,,,,,,,,
231663901,1,PC,,,PC,,,PC,,,PC,PC,,PC,,,,,,,,,,,
231631019,1,IS,IS,IS,IS,,PC,IS,,PC,,,,,,,,,,,,,,,
231828370,2,IS,,,,IS,,IS,,EB,,,,V,IS,,,,,V,,,,,
231833204,1,V,,,,,,,,V,,,,,V,,,,,V,V,,,,
231833204,2,V,,,,V,,,,V,,,,,V,,,,,EB,V,,,,
231631020,1,IS,,IS,,,,,,IS,,,IS,,PC,,,,IS,,,,,,
231712886,1,EB,,V,,,,,,,,,EB,,,,,,V,,,,EB,,
231632224,1,V,,V,,V,,,,V,,,,,,,,,V,,,,,,
152867947,1,IS,,IS,,,,,,IS,,,IS,,,,,,IS,,,,,,
232063593,2,EB,,,,,,,,EB,,,EB,,,,EB,,IS,,,,,,
231852097,2,V,,V,,,,,,V,,,V,,,,,,IS,,,,,,
231852097,3,V,,V,,,,,,V,,,V,,,,,,IS,,,,,,
232063593,1,EB,,,,,EB,,,EB,,,EB,,,,EB,,PC,,,,,,
231867117,1,IS,,,,,,,IS,IS,,IS,PC,,,,,,,,,,,,
231867117,2,V,,,,,,,V,V,,V,IS,,,,,,,,,,,,
231860752,1,EB,,,,,,,,,,,EB,,,,EB,,EB,,,,EB,,
232062375,1,IS,,,,,,,IS,,V,IS,IS,,,,,,,,,,,,
231840927,1,EB,,,,,,,EB,EB,,EB,,,,,,,,,EB,,,,
232083010,1,IS,,,,,,,IS,,IS,IS,IS,,,,,,,,,,,,
234288940,1,EB,,EB,,,,,,EB,,,EB,,,,,,EB,,,,,,
231860752,2,EB,,,,,,,,,,,EB,,,,EB,,EB,,,,EB,,
232073646,1,V,,,,,,,V,V,,,,,,EB,,V,,,,,,,
231914259,1,IS,,,IS,,,,,,,IS,IS,V,,,,,,,,,,,
231914259,2,IS,,,IS,,,,,,,IS,IS,V,,,,,,,,,,,
231914259,3,IS,,,IS,,,,,,,IS,IS,IS,,,,,,,,,,,
234491752,1,EB,EB,EB,,,EB,,,EB,,,,,,,,,,,,,,,
231914259,4,IS,,,V,,,,,,,IS,IS,V,,,,,,,,,,,
231914259,5,IS,,,IS,,,,,,,IS,IS,IS,,,,,,,,,,,
231907973,2,IS,,,,,,,PC,,,IS,IS,IS,,,,,,,IS,,,,
231907973,1,IS,,,,,,IS,V,,V,EB,IS,,,,,,,,V,,,,
232063593,3,IS,,,,,,IS,,V,,,EB,EB,,,IS,,IS,,,,,,
234506911,1,IS,,,,,,,IS,V,,V,,,,,,IS,,,,,,,
234506911,3,V,,,,,,,IS,V,,IS,,,,,,V,,,,,,,
234494090,1,EB,,,,,,,,EB,EB,,EB,,,,,,EB,,,,,,
234509975,1,IS,,,,,,,,IS,,,IS,,IS,,,,IS,,,,,,
234300677,1,IS,,,IS,IS,,,,,,,,,,IS,,,,,IS,,,,
234518883,1,V,,,,,,,V,V,,V,,,,,,,,,V,,,,
234347951,1,EB,,,,,EB,,EB,,,,,,,EB,,O,,,,,,,
234334772,1,IS,,,,,,,IS,,IS,IS,IS,,,,,,,,,,,,
234334772,2,IS,,,,,,,IS,,IS,IS,IS,,,,,,,,,,,,
234518605,2,EB,EB,EB,,,PC,,,,,EB,,,,,,,,,,,,,
234518605,1,EB,EB,EB,,EB,,,,,,EB,,,,,,,,,,,,,
140045538,1,IS,,IS,,,,,,,,,IS,IS,,,,,V,V,,,,,
234523599,1,PC,,,,,,PC,EB,,PC,PC,PC,,,PC,,,,,,,,,
234520293,1,EB,,,V,,,EB,,,IS,EB,PC,IS,,,,,,,,,,,
234290432,1,IS,,IS,,,,IS,,,,,PC,,,,,,PC,IS,IS,,,,
234290432,2,IS,,V,,,,IS,,,,IS,IS,,,,,,PC,V,,,,,
234288940,2,EB,,EB,,,,,,EB,,EB,EB,,,,,,EB,,,,,,
441384532,3,IS,IS,IS,,,IS,,,IS,,,,,,,,,,,,,,,
234491752,2,EB,EB,EB,EB,,,,,EB,,,,,,,,,,,,,,,
234295610,1,V,,,,V,,,,,,,,,V,,O,V,,,,,,,
234529160,1,IS,,,,,,,IS,V,,IS,IS,,,,,,,,,,,,
234529160,2,IS,,,,,,,IS,V,,IS,IS,,,,,,,,,,,,
235000060,1,V,,,,,,,V,V,,IS,,,,,,,,,V,,,,
235000060,2,V,,,,,,,V,V,,IS,,,,,,,,,V,,,,
235000060,3,V,,,,,,,V,V,,IS,,,,,,,,,V,,,,
235000060,4,V,,,,,,,V,V,,EB,,,,,,,,,V,,,,
237324767,2,V,V,,,,V,,,V,EB,,,,,,,,,,,,,,
237338543,1,V,,,,V,,,V,,,,,,,EB,,,,V,,,,,
234994474,1,PC,,,,PC,,PC,,PC,,,,,PC,,PC,,,,,,,,
234549227,1,IS,,,,,,,,IS,IS,,,,IS,,,,,,IS,,,,
237332597,1,EB,,,,,,,,EB,,,,,EB,,,,,EB,,,,,
235037759,1,EB,,,PC,,,EB,,,,,IS,,,PC,,,IS,,,,PC,,
144065872,1,PC,,PC,,,,PC,,,,,,,,,PC,,PC,PC,,,,,
237332597,2,EB,,,,,,EB,,EB,,EB,,EB,V,,,,,PC,,,,,
235009317,1,EB,,,,,,,EB,EB,EB,,,,,,,EB,,,,,,,
235009317,2,EB,,,,,,,EB,EB,EB,,,,,,,EB,,,,,,,
235000061,1,EB,EB,EB,,,,,,,,,EB,,,,,,,,,,,,
235000061,2,EB,EB,EB,,,,,,,,,EB,,,,,,,,,,,,
235000061,3,EB,EB,EB,,,,,,,,,EB,,,,,,,,,,,,
237880881,1,V,V,V,,,V,,,V,,,,,,,,,,,,,,,
234524385,1,IS,IS,V,,,IS,,,IS,,,,,,,,,,,,,,,
259901124,1,V,,V,,,,,,,,,,,,,,,V,V,V,,V,,
238194459,1,V,,,,,,,V,V,,V,V,,,,,,,,,,,,
238893410,1,V,V,,V,,,,,V,,,V,,,,,,,,,,,,
253922296,1,EB,,,,EB,,,,EB,,,EB,,,,,,EB,,,,,,
238810124,1,EB,V,EB,,,,,,V,,,EB,,,,,,,,,,,,
253922296,2,EB,,,,EB,,,,EB,,,EB,,,,,,EB,,,,,,
29493969,2,IS,,IS,,,,,,,,,IS,,,,,,IS,IS,,,,,
237939392,1,IS,,IS,,,,,,,,,IS,,,,,,IS,,IS,,,,
238170857,1,EB,,,,,,,V,,EB,EB,,,,,,,,,V,,,,
259845346,1,IS,,V,,,,,,,,,IS,IS,,,,,IS,,,,,,
237910557,1,IS,,V,,,,,,,,,IS,,,,IS,,IS,,,,,,
237915523,4,EB,,,,,,,V,,EB,EB,,,,IS,,,,,,,,,
255567307,1,IS,,,,,,,U,,IS,IS,IS,IS,,,,,,,,,,,
253928535,1,EB,,,EB,,,,,,EB,EB,,EB,,,,,,,,,,,
253928535,2,IS,,,V,,,,,,V,IS,,IS,,,,,,,,,,,
259864042,1,V,,,,EB,,V,,,,EB,PC,,,,PC,,PC,,,,,,
238176110,1,PC,,,,PC,,PC,,,,,,,PC,,PC,PC,,,,,,,
92254667,1,IS,,IS,,,,,,IS,,,IS,,,,,,IS,,,,,,
237915523,3,EB,,,,,,EB,V,,EB,IS,,EB,,IS,,,,,,,,,
259901124,2,V,,EB,,,,,,,,,,,,,,,V,V,V,,V,,
237915523,1,IS,,,,,,IS,V,,EB,IS,IS,,,EB,,,,,,,,,
237915523,2,EB,,,,,,EB,V,,EB,IS,,EB,,EB,,,,,,,,,
260502102,2,EB,,,,,,,EB,EB,,EB,,,,,,,,,,EB,,,
207080123,1,IS,,IS,,,,,,,,IS,IS,,,,,,IS,,,,,,
259901389,1,V,,,,V,,,,,,,,,V,,V,,,IS,,,,,
215054758,1,IS,,,,,,,IS,IS,,IS,IS,,,,,,,,,,,,
260161144,1,EB,,EB,,EB,,,,,,,EB,,,,,,EB,,,,,,
260161144,3,EB,,V,,EB,,,,,,,EB,,,,,,IS,,,,,,
260352096,1,EB,,,,,EB,,,,,,EB,,EB,,,,,,,EB,,,
260352096,2,IS,,,,,PC,,,,,,EB,,IS,,,,,,,IS,,,
260162199,1,EB,,V,,,EB,,,,,,EB,,,,,,EB,,,,,,
260352096,3,IS,,,,,PC,,,,,,EB,,IS,,,,,,,IS,,,
260162387,1,IS,EB,,,,,,,V,,,IS,,,,IS,,,,,,,,
260351540,1,V,,,V,,,,,,V,IS,,V,,,,,,,,,,,
260352702,1,,,,IS,,,,,,EB,IS,,V,,,,,,,,,,,
260353507,1,V,,,,,V,,,,,,EB,,,,,,EB,,V,,,,
260353507,2,V,,,,,V,,,,,,EB,,,,,,IS,,V,,,,
260609205,1,EB,,PC,PC,,PC,EB,,PC,,EB,,,,,,,,,,,,,
260304277,1,EB,,,,,,EB,,EB,IS,,EB,,U,,,,,IS,,,,,
260271203,1,EB,,,,,,EB,EB,,PC,PC,EB,,,,,,,,EB,,,,
260043723,1,PC,PC,,,,,PC,,PC,,,PC,,,PC,,,,,,,,,
260162387,2,IS,EB,,,,,IS,,V,,IS,IS,,,,V,,,,,,,,
260504147,1,EB,,EB,,,,,,,,EB,,,,,,,EB,EB,,,,,
260304296,1,EB,,PC,,U,,,,EB,,,,,,,,,PC,EB,,,,,
260654645,2,V,V,V,,,,,,V,,,V,,,,,,,,,,,,
262958558,1,EB,,,,,,,,,EB,EB,,,,,,,EB,EB,,,,,
231629787,1,EB,EB,,,,EB,,,,,EB,EB,,,,,,,,,,,,
261335113,1,EB,,,,,,,EB,,,EB,EB,,,,,,,,EB,,,,
261560580,1,V,,,V,V,,,,,,,,,,EB,,,,,,V,EB,,
261335113,2,EB,,,,,,,EB,,,EB,EB,,,,,,,,EB,,,,
261376909,2,EB,,,,,EB,,,EB,,V,EB,,,,,,,,,,,,
260889990,1,V,,,,V,,,,,EB,,,,,V,,,,V,,,,,
261376909,1,EB,EB,,,,EB,,,EB,,,EB,,,,,,,,,,,,
260657291,1,EB,,,EB,,,,,,U,EB,,EB,,,,,,,,,,,
261105201,1,EB,,,IS,,,V,,,EB,EB,,EB,,,,,,,,,,,
261105201,2,,,,EB,,,,,,IS,IS,,V,,,,,,,,,,,
261136679,1,PC,,PC,,,,PC,,,,,,,,,,,PC,PC,PC,,,,
261089844,1,V,,,,,,V,IS,,EB,V,PC,,,,,,,,V,,,,
260889990,2,IS,,,,V,,IS,,,EB,IS,,V,,IS,,,,,,,,,
261746657,1,EB,EB,EB,,,EB,,,EB,,,,,,,,,,,,,,,
261746657,2,EB,EB,EB,,,EB,,,EB,,,,,,,,,,,,,,,
260820871,1,EB,,,,,,EB,,EB,,,,,PC,,U,PC,,EB,,,,,
260756218,1,PC,,,,,,PC,PC,PC,,PC,PC,,,,,,,,,,,,
261089147,2,EB,V,EB,,,,,,V,,,,,,,EB,,,,,,,,
261089147,3,EB,V,EB,,,,,,V,,,,,,,EB,,,,,,,,
261656371,2,EB,EB,EB,,EB,,,,EB,,,,,,,,,,,,,,,
261656371,1,EB,EB,EB,,EB,EB,,,EB,,,,,,,,,,,,,,,
266643665,1,IS,,,,,,,,IS,IS,,,,IS,,,IS,,,,,,,
265469420,1,EB,,,,,,,,EB,,,EB,,EB,,,EB,,,,,,,
265612457,1,IS,,,,,,,IS,IS,,IS,,,,,,IS,,,,,,,
266643315,2,IS,IS,IS,,,IS,,,IS,,,,,,,,,,,,,,,
266643665,2,IS,,,,,,,,,IS,IS,,IS,IS,,,U,,,,,,,
265591866,1,EB,,,,EB,,,,EB,,,,,EB,,,,,,V,,,,
265591866,2,EB,,,,V,,,,EB,,,,,EB,,,,,,V,,,,
263074592,2,EB,,,EB,,,,,EB,,EB,,EB,,,,,,,,,,,
259901124,3,V,,,,,,,,,,,,,,,,,V,V,V,,V,,
263074592,4,EB,,,EB,,,,,EB,,EB,,EB,,,,,,,,,,,
265613590,1,EB,,,EB,,,,,,EB,EB,,EB,,,,,,,,,,,
265613590,2,EB,,,EB,,,,,,EB,EB,,EB,,,,,,,,,,,
263074592,3,IS,,,EB,,,,,,EB,IS,,IS,,,,,,,,,,,
290131778,1,PC,PC,,,PC,PC,PC,,,,,,,,,,,,PC,,,,,
263003176,1,PC,,,,,,PC,,EB,,,PC,,PC,,PC,PC,,,,,,,
263074592,1,EB,,,EB,,,EB,,,EB,IS,,O,,,,,,,,,,,
265489698,3,IS,EB,EB,,,IS,IS,,V,,,,IS,,,,,,,,,,,
266640930,1,IS,IS,IS,,,,,,IS,,,IS,,,,,,,,,,,,
229807051,1,V,V,V,,,IS,,,,,,IS,,,,,,,,,,,,
266586474,1,IS,IS,IS,,,,,,IS,,PC,,,,,,,,,,,,,
263078276,1,EB,EB,EB,,,,,,V,,,EB,,,,EB,,,,,,,,
263078276,2,EB,EB,EB,,,,,,,,,EB,,,,EB,,,,,,,,
260502102,1,EB,,,,,,,EB,EB,,EB,,,,,,,,,,EB,,,
266643315,1,IS,IS,IS,,,IS,,,IS,,,,,,,,,,,,,,,
266998480,1,V,,,,,,,V,V,EB,IS,,,,,,,,,,,,,
266998480,2,V,,,,,,,V,V,EB,IS,,,,,,,,,,,,,
266998480,3,IS,,,,,,,IS,IS,IS,IS,,,,,,,,,,,,,
269762258,1,IS,,,,,,,IS,EB,,IS,EB,,,,,,,,,,,,
269762258,2,EB,,,,,,,EB,EB,,EB,EB,,,,,,,,,,,,
267043786,2,EB,EB,EB,,,EB,,,,,EB,,,,,,,,,,,,,
269772593,1,IS,,,,,,,IS,IS,,IS,,,,,,,,,IS,,,,
265489698,1,EB,EB,EB,,,EB,,,EB,,,,,,,,,,,,,,,
269772593,2,IS,,,,,,,IS,IS,,IS,,,,,,,,,IS,,,,
269793839,2,IS,,V,,IS,IS,,,,,,,,IS,,IS,,,,,,,,
269772525,1,IS,,,,,,,,IS,,IS,,,,,,,IS,IS,,,,,
269772525,2,IS,,,,,,,,IS,,IS,,,,,,,IS,IS,,,,,
269772525,3,IS,,,,IS,,,,IS,,IS,,,,,,,IS,IS,,,,,
269772516,1,IS,,IS,,,,,,,,,IS,,,,IS,,IS,,,,,,
269772516,2,IS,,IS,,,,,,,,,IS,,,,IS,,IS,,,,,,
269772516,3,IS,,PC,,,,,,,,,IS,,,,IS,,IS,,,,,,
269772516,4,IS,,IS,,,,,,,,,IS,,,,IS,,IS,,,,,,
269772516,5,IS,,IS,,,,,,,,,IS,,,,IS,,IS,,,,,,
266996791,2,EB,,EB,,EB,,,,EB,,,,,,,,,EB,,,,,,
260161144,2,EB,,V,,EB,,,,,,,EB,,,,,,IS,,,,,,
270341486,1,EB,,EB,,,,,,EB,,,EB,,,,,,EB,EB,,,,,
269940990,1,V,V,,,V,V,,,,,,,,,,V,,,,,,,,
269992581,1,IS,,,,,,,,,,IS,IS,,,,,,IS,,IS,,,,
269883650,1,IS,,,,,EB,,,,,,IS,,,PC,,,IS,,,,,,
269829384,2,EB,,EB,,,,,,EB,,EB,EB,,U,,,,,,,,,,
270067012,1,IS,,,IS,,,,,,IS,IS,,IS,,,,,,,,,,,
270204401,1,EB,,,,EB,EB,,,,,,,,EB,,,EB,,,,,,,
270204401,2,EB,,,,EB,EB,,,,,,,,EB,,,EB,,,,,,,
269829435,1,IS,,,IS,,,,,,IS,IS,,IS,,,,,,,,,,,
269829435,2,IS,,,IS,,,,,,IS,IS,,IS,,,,,,,,,,,
270535673,1,IS,,IS,IS,,,,,IS,,IS,,,,,,,,,,,,,
270535673,2,IS,,IS,IS,,,,,IS,,IS,,,,,,,,,,,,,
269829384,3,IS,,IS,,,,IS,,V,,,EB,IS,IS,,,,,,,,,,
300871376,3,IS,,V,,,IS,,,V,,IS,,,IS,,,,,,,,,,
270038123,1,IS,,IS,,,,,,IS,,,,,IS,,IS,,,,,,,,
269829384,1,EB,,EB,,,PC,,,EB,,,EB,,U,,,,,,,,,,
269829656,1,IS,,IS,,V,,,,IS,,,IS,,,,,,IS,,,,,,
270166263,1,EB,,EB,,,,,,,,,,,,,,,EB,EB,EB,,EB,,
270166263,2,EB,,EB,,,,,,,,,,,,,,,EB,EB,EB,,,,
270341486,2,EB,,EB,,,,,,EB,,,EB,,,,,,EB,,,,,,
270341486,3,EB,,EB,,,,,,EB,,,EB,,,,,,EB,,,,,,
274017928,1,V,,,,,,,IS,V,,V,,,,,,V,,,,,,,
277298434,1,V,,,,V,,,,,,,V,,,,V,,V,,,,,,
273512747,1,IS,,IS,,,,,,IS,,,,,IS,,IS,,IS,IS,,,,,
271900514,1,V,,,,,,,V,V,,EB,IS,,,,,,,,,,,,
272357134,2,EB,,,,,,,EB,EB,,,EB,,,,,,,,V,,,,
276935987,1,EB,,,,,,,EB,,EB,EB,EB,,,,,,,,,,,,
273792220,2,IS,,,,,,,,V,,IS,,,,IS,,,,,,V,,,
277298771,2,IS,IS,,,,,,,IS,,IS,V,,,,,,,,,,,,
273792220,3,IS,,,,,,,,,IS,IS,,IS,,IS,,,,,,,,,
277103955,1,PC,PC,PC,,,,PC,,,,EB,PC,,,,,,,,,,,,
271891181,1,IS,,IS,,,,,,,,,IS,,,,,,IS,,IS,,,,
271975726,1,IS,,,,,IS,IS,IS,V,,,,,,EB,,V,,,,,,,
211376134,1,PC,,,,,,PC,EB,EB,,PC,,,,PC,,U,,,,,,,
277298771,1,V,V,,,,,,,V,,,V,,,IS,,,,,,,,,
270677813,1,IS,,,,,,,IS,IS,EB,,,,,,,V,,,,,,,
277103955,2,IS,V,IS,,,,,,,,IS,IS,,,,,,,,,,,,
273511930,1,IS,IS,,,,,,,IS,,IS,IS,,,,,,,,,,,,
273511930,2,IS,IS,,,,,,,IS,,IS,IS,,,,,,,,,,,,
271596290,1,EB,,EB,,,EB,,,EB,,,EB,,,,,,,,,,,,
276935996,1,EB,,EB,EB,,,,,EB,,V,,,,,,,,,,,,,
270535673,4,IS,,IS,IS,IS,,,,IS,,,,,,,,,,,,,,,
270535673,3,IS,,IS,IS,,,,,IS,,IS,,,,,,,,,,,,,
278683641,2,EB,,,,,,,EB,,,EB,EB,,,,,,,,EB,,,,
278988794,1,EB,,,,EB,,,EB,,,,,,,EB,,,,EB,,,,,
278634010,4,IS,,,,IS,,,,V,,,IS,,IS,,,,,,,,,,
278988794,2,EB,,,,EB,,,EB,,,,,,,EB,,,,EB,,,,,
277874564,1,IS,,,,,,,V,,IS,IS,IS,,,,,,,,,,,,
277649549,2,EB,,,,,,,EB,EB,EB,EB,,,,,,,,,,,,,
278634010,2,IS,,,,,,,,V,,,IS,,IS,,,U,,,,,,,
278634010,1,IS,,,,,,,,V,,,IS,,IS,,,IS,,,,,,,
278634010,3,IS,,,,,,,,V,,,IS,,IS,,,IS,,,,,,,
278956474,1,EB,EB,EB,,,,,,EB,,,EB,,,,,,,,,,,,
278956474,2,EB,EB,EB,,,,,,EB,,,EB,,,,,,,,,,,,
278863150,2,EB,EB,PC,,,,,,,,EB,EB,EB,,,,,,,,,,,
231835378,1,IS,,,,,,,,,,,,IS,,,,,IS,IS,,,IS,,
278706358,1,EB,,,EB,,,,,,EB,EB,,EB,,,,,,,,,,,
278956474,3,EB,PC,EB,,,,EB,,U,,,EB,PC,,,,,,,,,,,
278784173,1,EB,,EB,PC,,EB,,,EB,,PC,,,EB,,,,,,,,,,
278683844,1,PC,,PC,,,,PC,,IS,PC,,,,PC,,IS,,,,PC,,,,PC
277683130,1,PC,,PC,,,,PC,,,,,PC,PC,,,,,PC,,,,,,
267263253,1,PC,,,,,,PC,PC,PC,,PC,,,,,,,,,PC,,,,
278661431,1,PC,,,EB,,,PC,,,PC,EB,,PC,,,,,,,,,,,
281461138,1,V,,,,V,,,,V,,,,,V,,,,,,V,,,,
279088163,1,IS,,,,,,,IS,,IS,IS,IS,,,,,,,,,,,,
279614617,1,IS,,IS,,,,,,IS,,IS,IS,,,,,,IS,,,,,,
281562429,1,IS,,,,,,,,IS,,,IS,IS,IS,,,,,,,,,,
279674387,1,V,,,,V,,,V,,EB,V,,,,,,,,,,,,,
278683844,2,IS,,PC,,,,,,,IS,,,,IS,,IS,,,,PC,,,,
277649549,1,EB,,,,,,,EB,EB,EB,EB,,,,,,,,,,,,,
279314488,1,EB,,,,,,,EB,,EB,EB,EB,,,,,,,,,,,,
279314488,2,EB,,,,,,,EB,,EB,EB,EB,,,,,,,,,,,,
279955276,1,EB,,,,,,,,,,EB,,,,,,,EB,EB,V,,,,
281541555,1,PC,PC,,,,,PC,,PC,PC,PC,PC,,,,,,,,,,,,
279955276,2,EB,,,,,,,,,,EB,,,,,,,EB,EB,V,,,,
279254042,1,EB,EB,EB,,,,,,EB,,,EB,,,,,,,,,,,,
279955276,3,IS,,,,,,,,,,IS,,,,,,,IS,EB,V,,,,
279254042,2,EB,EB,EB,,,,,,V,,,EB,,,,,,,,,,,,
281459670,1,PC,,PC,,,,PC,,PC,,,,,,,,,PC,,PC,,,,
280793949,1,EB,,,,,,EB,EB,V,,PC,,,,,,U,,,,,,,
279638888,1,IS,V,EB,,,,,,IS,,,IS,,,,,,,,,,,,
280793949,2,EB,,,,,,EB,EB,V,,EB,,EB,,,,U,,,,,,,
279088392,1,IS,,,IS,,,,,,,,IS,,,IS,,,IS,,,,,,
289953153,1,IS,,,,,,,IS,IS,,IS,,,,,,IS,,,,,,,
289827750,1,IS,,IS,,,,,,IS,,,,,IS,,IS,,,,,,,,
289826199,1,IS,,,,,,,,,,IS,IS,,,,,IS,IS,,,,,,
265489698,2,EB,EB,EB,,,EB,,,EB,,,,,,,,,,,,,,,
289917522,1,IS,,,,,,,IS,V,EB,IS,,,,,,,,,,,,,
280830734,1,PC,,,PC,,,PC,,,,,PC,,,,,,PC,,PC,,U,,
289934729,1,IS,,,,,,,,IS,,IS,,,,,,,IS,IS,,,,,
284196481,1,EB,,V,,,,,,,,,EB,,,,,,EB,,V,,,,
289840928,2,V,V,V,,,V,,,V,,,,,,,,,,,,,,,
289840928,3,V,V,V,,,IS,,,V,,,,,,,,,,,,,,,
92787847,1,IS,,IS,,,,,,,,,IS,,,,,,IS,,IS,,,,
289791770,1,IS,,,IS,IS,,,,,,,,,,,,,,,IS,IS,,,
289916363,1,IS,,IS,,,,,,,,,IS,,,,IS,,IS,,,,,,
289823771,1,IS,,IS,,,IS,,,IS,,,,,IS,,,,,,,,,,
289915963,1,IS,,,IS,,,,,,,IS,IS,IS,,,,,,,,,,,
289828268,1,IS,,,IS,IS,,,,,,,,,,IS,,,,,,IS,,,
289934844,1,IS,,,IS,IS,,,,,,,,,,,,,,V,,IS,,,
289842172,1,IS,,,,,,,,IS,,,IS,,,,,,IS,,,,IS,,
287328866,2,EB,,,EB,,,,,,IS,EB,EB,PC,,,,,,,,,,,
289793076,1,PC,,,,,,PC,PC,PC,PC,PC,,,,,,,,,,,,,
287328866,1,PC,,,PC,,,PC,,,PC,EB,PC,PC,,,,,,,,,,,
281582156,1,EB,,,IS,,,EB,,,V,IS,,EB,,,,,,,,,,,
284196481,2,EB,,,,,,EB,,,,EB,EB,EB,,,,,IS,,V,,,,
272357134,1,EB,,,,,,,EB,EB,,,EB,,,,,,,,EB,,,,
290049697,1,EB,,,,U,,,,EB,,EB,EB,,,,,,EB,,,,,,
290027838,1,IS,,,,,,,,,,,IS,,,,IS,,IS,,IS,,,,
293482385,1,V,V,V,,,IS,,,,,V,,,,,,,,,,,,,
293482385,2,V,V,V,,,V,,,,,V,,,,,,,,,,,,,
293480903,1,EB,,,,,EB,,,EB,,,,,EB,,,,,EB,,,,,
290076312,1,IS,,,,,,,,,IS,IS,IS,,,IS,,,,,,,,,
290496318,1,V,,,,,,,,V,V,,,,V,,,,,,V,,,,
293345927,1,EB,,,EB,,,,,,,EB,EB,EB,,,,,,,,,,,
293480903,2,EB,,,,,EB,,,EB,,EB,,,PC,,,,,EB,,,,,
293345927,2,EB,,,EB,,,,,,,EB,EB,EB,,,,,,,,,,,
290403648,1,IS,,,,IS,IS,,,,,,,,IS,,IS,,,,,,,,
290547036,1,EB,,,,EB,,,,EB,,,EB,,EB,,,,,,,,,,
293345927,3,IS,,,IS,,,,,,,IS,EB,IS,,,,,,,,,,,
293482088,1,IS,IS,V,,,V,IS,,U,,,EB,,,,,,,,,,,,
290045481,1,IS,,,,,,,,IS,,,IS,IS,,,,,IS,IS,,,,,
290045451,1,IS,,IS,,,,,,,,,IS,,,,IS,,IS,,,,,,
289825677,1,IS,,IS,,,,,,,,,IS,U,,,IS,,IS,,,,,,
290076294,1,IS,,IS,,IS,,,,IS,,,,,,,,,IS,,,,,,
290077397,2,IS,,IS,,,,,,IS,,,IS,,,,,,IS,,,,,,
290077397,1,IS,,IS,,,,,,IS,,,IS,,,,,,IS,V,,,,,
441322912,1,IS,,IS,,,,,,,,IS,IS,IS,,,,,IS,,,,IS,,
300511791,1,IS,,EB,,,,,,,,,IS,,,,IS,,IS,,PC,,,,
204418296,1,IS,,,,,,,,,,,EB,EB,,,,,IS,IS,,,,,
294750180,2,V,V,,,,,,,V,,V,,V,,,,,,,,,,,
293507177,2,V,V,,V,V,,,,,,,EB,,,,,,,,,,,,
293507177,1,V,V,,,V,,,,,,,EB,,,,V,,,,,,,,
294329266,1,IS,,IS,,,,,,,,,,,,,IS,,IS,,V,,,,
294329266,2,V,,V,,,,,,,,,,,,,IS,,V,,V,,,,
294750180,1,V,V,,,,,,,V,,V,EB,,,,,,,,,,,,
300808301,1,,,,EB,,,,,,PC,V,,V,,,,,,,,,,,
299798795,1,IS,,,IS,,,,,,EB,IS,,V,,,,,,,,,,,
299798795,2,V,,,V,,,,,,EB,IS,,V,,,,,,,,,,,
300290733,1,IS,,,IS,,,,,,IS,IS,,IS,,,,,,,,,,,
300579472,1,PC,,,,,PC,PC,,,PC,,,,,,,,PC,U,PC,,,,
300560295,1,EB,,,,PC,EB,EB,,,,,PC,,,,,,PC,,,,,,
300293197,1,PC,,,,,,PC,PC,,PC,PC,,,,,,,,,PC,,,,
300579472,2,IS,,,,,,,,,IS,,,,,,,,IS,IS,V,,,,
300013489,1,PC,,,,,,PC,,,PC,PC,PC,PC,,,,,,,,,,,
300271825,1,IS,,,IS,IS,,,,,,,,,,IS,,,,IS,,,,,
294754396,1,IS,,,,,IS,,IS,IS,,,,,,IS,,,,,,,,,
294273900,1,V,,,,,,,V,V,,,,,,EB,,EB,,,,,,,
294273900,2,V,,,,,,,V,V,,,,,,EB,,EB,,,,,,,
294273900,3,V,,,,,,,V,V,,,,,,EB,,EB,,,,,,,
300903537,1,EB,,,,EB,,,,EB,,,,,EB,,,,,EB,,,,,
300903537,3,IS,,,,IS,,,,V,,,,,IS,,,,,IS,,,,,
302029006,1,IS,,,,,,,IS,IS,IS,IS,,,,,,,,,,,,,
302965929,1,IS,,,,,,,IS,V,,IS,IS,,,,,,,,,,,,
302296720,1,V,,,,,,,V,,U,EB,,,,,,,,,V,,,,
302296434,1,IS,V,IS,,,,,,IS,,,V,,,,,,,,,,,,
303909865,1,EB,,,,,,,,,EB,,EB,,,EB,,,EB,,,,,,
303909865,2,EB,,,,,,,,,EB,,EB,,,IS,,,EB,,,,,,
306580215,1,EB,,EB,PC,,,,,,,EB,EB,,,,,,PC,,,,EB,,
300903537,2,EB,,,,EB,,,,EB,,EB,,,EB,,,,,PC,,,,,
307031724,1,IS,,,,V,,,V,,,,,,,IS,,,,V,,,,,
306573201,1,IS,,,,,,,IS,IS,,,,,,IS,,,,,,V,,,
302298212,1,IS,,,IS,,,,,,IS,IS,,IS,,,,,,,,,,,
301193896,1,IS,,,IS,,,,,,IS,PC,IS,IS,,,,,,,,,,,
302377925,1,,,,EB,,,,,,IS,IS,,PC,,,,,,,,,,,
301980639,1,,,,EB,,,,,,PC,EB,,PC,,,,,,,,,,,
302116397,1,V,,,IS,,,,,,EB,V,,V,,,,,,,,,,,
306742226,1,EB,,EB,,,EB,EB,,,,,,,PC,,U,IS,,IS,,,,,
304100538,1,PC,,,,,,PC,PC,PC,,PC,,,,,,,,,,,PC,,
303051566,1,IS,PC,EB,,,PC,IS,,EB,,,IS,,,,,,,,,,,,
308543286,1,IS,,,,,,,IS,V,,IS,IS,,,,,,,,,,,,
308537791,1,V,,V,,V,,,,,,,V,,,,,,V,,,,,,
308537791,2,V,,V,,V,,,,,,,V,,,,,,IS,,,,,,
308852618,2,V,,,,V,,,,V,,,,,IS,,,,,,,,,,
308451526,1,EB,,,,U,,,EB,EB,EB,EB,,,,,,,,,V,,,,
309062208,1,IS,,,,,,,IS,IS,,IS,IS,,,,,,,,IS,,,,
309299238,1,EB,PC,,,EB,EB,,,EB,,,EB,,,,,,,,,,,,
309062208,2,IS,,,,,,,IS,IS,,IS,IS,,,,,,,,IS,,,,
308852608,1,EB,,,,,,,EB,V,,,,,,EB,,V,,,,,,,
410487677,2,V,V,EB,,,EB,,,V,,,,,,,,,,,,,,,
308852608,2,EB,,,,,,,EB,V,,,,,,EB,,V,,,,,,,
308851582,1,EB,,,,,,,,,,,,EB,,,,,EB,,,,EB,,
309470442,1,IS,,,IS,,,,,,,IS,EB,IS,,,,,,,,,,,
309550843,1,IS,V,EB,IS,,,IS,,,,IS,O,,,,,,,,,,,,
309402106,1,PC,,,,,,PC,PC,,U,PC,,,,,,,,,PC,,,,
309299238,2,EB,U,,,IS,,EB,,EB,,EB,EB,,,,,,,,,,,,
308852618,1,EB,,,,V,,EB,,V,,,EB,,IS,,IS,,,,,,,,
309146836,2,EB,EB,EB,,,EB,,,,,,EB,,,,,,,,,,,,
300382665,1,IS,,V,,,,IS,,,,,IS,,,,,,IS,U,IS,,,,
308991822,3,IS,,EB,,,IS,IS,,V,,IS,,IS,,,,,,,,,,,
308746785,1,V,V,IS,,,IS,,,V,,,,,,,,,,,,,,,
308991822,1,EB,,EB,,,EB,,,EB,,EB,,,,,,,,,,,,,
308991822,2,EB,,EB,,,EB,,,EB,,EB,,,,,,,,,,,,,
325469795,1,EB,,,,,,,EB,EB,EB,EB,,,,,,,,,,,,,
326356582,1,IS,,,,,,,IS,IS,IS,IS,,,,,,,,,,,,,
314864866,1,IS,,,,,,,IS,,IS,IS,,,,IS,,,,,,,,,
325220989,3,IS,,,,IS,,,,V,,,IS,,IS,,,,,,,,,,
326301723,1,IS,,,,,,,,,IS,IS,IS,IS,,,,,,,,,,,
325220989,1,IS,,IS,,,,,,V,,,IS,,IS,,,,,,,,,,
325220989,2,IS,,IS,,,,,,V,,,IS,,IS,,,,,,,,,,
197735761,1,EB,,EB,,,,,,,,,EB,,,,,,EB,,EB,,,,
325205605,1,EB,,,,,EB,,EB,,,,,,,EB,,EB,,,,,,,
325205605,2,EB,,,,,EB,,EB,,,,,,,EB,,EB,,,,,,,
309658221,1,EB,,,EB,,,,,,EB,EB,,EB,,,,,,,,,,,
325525541,1,IS,,,IS,,,,,,IS,IS,,IS,,,,,,,,,,,
325094050,1,EB,,,EB,V,,EB,,,,,,,,EB,,,,IS,,,,,
319289826,1,EB,EB,,,,PC,EB,,EB,,,EB,,,,U,,,,,,,,
317060587,1,PC,,,PC,,,PC,,,,PC,PC,PC,,,,,,,,,,,
309791156,1,PC,,EB,PC,,PC,PC,,,,PC,PC,,U,,U,U,,IS,,,,PC,
309702975,1,V,V,V,,,IS,V,,V,,,EB,,,,,,,,,,,,
311925584,1,EB,,,,,,,EB,EB,,,,,,,,EB,,,,,EB,,
309779232,1,IS,,EB,,,,IS,,EB,,,O,,,,V,,PC,,,,,,
325094050,2,EB,,,EB,V,,EB,,,,EB,,,,EB,,,,IS,,,,,
326356701,1,EB,,EB,,,,,,,,,EB,EB,,,EB,,EB,,,,,,
326356701,2,EB,,EB,,,,,,,,,EB,EB,,,EB,,EB,,,,,,
348717439,1,V,,,,,,,V,V,EB,IS,,,,,,,,,,,,,
348717439,2,V,,,,,,,V,V,EB,EB,,,,,,,,,,,,,
348717439,3,V,,,,,,,V,V,EB,EB,,,,,,,,,,,,,
348897766,1,V,,,,,,,V,V,,EB,EB,,,,,,,,,,,,
348897766,2,V,,,,,,,V,V,,EB,EB,,,,,,,,,,,,
348900258,3,V,,,,IS,,,,V,,,,,V,,,,,,,,,,
326394317,1,IS,,,,,,,,,,,IS,,,,,,IS,,IS,,IS,,
339770560,2,V,,,V,V,,,,,,IS,,,,U,,,,V,,,,,
349154435,1,EB,,EB,,EB,,,,,,,,,EB,,,,,EB,,,,,
349154435,2,EB,,EB,,EB,,,,,,,,,EB,,,,,EB,,,,,
326393023,1,IS,,,IS,,,,,,IS,IS,,IS,,,,,,,,,,,
308851582,2,EB,,,EB,,,,,,EB,EB,,PC,,,,,EB,,,,EB,,
348900258,1,V,,,,,,V,,V,EB,,EB,,V,,,,,IS,,,,,
336732616,1,PC,,,,,,PC,,,,PC,PC,,,,,,PC,,PC,,,,
339770560,1,V,,,V,V,,,,,,,,,,EB,,,,V,,,,,
349156098,1,EB,,EB,,,,,,EB,,,,,PC,,,EB,,EB,,,,,
348898049,1,V,,,,V,,,,V,V,,,,V,,,,,,,,,,
348900258,2,V,,,,V,,,,V,EB,,,,V,,,,,,,,,,
327724621,1,IS,,,,,,,,IS,IS,,,,IS,,,,,V,,,,,
326393768,1,IS,,,,,,,IS,IS,,,,,,IS,,,,IS,,,,,
349310205,1,EB,,,,,EB,,EB,EB,,,,,,EB,,,,,,,,,
349310205,2,EB,,,,,EB,,EB,EB,,,,,,EB,,,,,,,,,
350094542,1,V,,,,,,,V,V,,EB,EB,,,,,,,,,,,,
350094542,2,V,,,,,,,V,V,,EB,EB,,,,,,,,,,,,
349642881,1,EB,,,,,,,EB,,EB,EB,EB,,,,,,,,,,,,
349644606,3,V,,,,IS,,,,V,,,,,V,,IS,,,,,,,,
349644606,1,V,,,,,,,,V,,,,,V,,V,V,,,,,,,
349518145,1,EB,PC,EB,EB,EB,EB,,,,,,,,,,,,,,,,,,
349644606,2,V,,,,,,,,V,,,,,V,,V,V,,,,,,,
349642881,2,EB,,,,,,,EB,,EB,EB,EB,,,,,,,,,,,,
350094361,1,IS,,,IS,,,,,,,,IS,,,,,,IS,,IS,,IS,,
350094361,2,IS,,,IS,,,,,,,,IS,,,,,,IS,,IS,,IS,,
350190639,1,EB,PC,EB,PC,,EB,,,EB,,,,,,,,,,,,,,,
350146296,1,V,,,V,V,,,,,,,,,,,,,,V,,V,,,
350443140,1,,,,PC,,,,,,PC,IS,,IS,,,,,,,,,,,
349518800,1,PC,,,,,,PC,,,PC,PC,PC,PC,,,,,,,,,,,
349832824,3,IS,,,,,,IS,,EB,,,,,,,,,IS,EB,,,EB,,
349790953,1,EB,,,,,,EB,EB,EB,,PC,PC,,,,,U,,,,,,,
349832824,1,EB,,,,,,,,EB,,,,,,,,,EB,EB,,,EB,,
349832824,2,EB,,,,,,,,EB,,,,,,,,,EB,EB,,,EB,,
350443417,1,EB,,EB,,,,,,EB,,,EB,,,,,,EB,,,,,,
350443417,2,EB,,EB,,,,,,EB,,,EB,,,,,,EB,,,,,,
350443417,3,EB,,EB,,,,,,V,,,EB,,,,,,IS,,,,,,
279245231,1,IS,,IS,,,,,,IS,,,IS,,,,,,IS,,,,,,
350518984,1,EB,,,,,,,EB,EB,IS,EB,,,,,,,,,,,,,
350765919,1,V,,,,V,,,,V,,,,,V,,,,,V,,,,,
355601117,1,EB,,,,,,,EB,EB,,EB,EB,,,,,,,,,,,,
355601117,2,EB,,,,,,,EB,EB,,EB,EB,,,,,,,,,,,,
358457398,1,EB,,,,,,,EB,,EB,EB,EB,,,,,,,,,,,,
358457398,2,EB,,,,,,,EB,,EB,EB,EB,,,,,,,,,,,,
358111274,1,EB,,EB,,,,,,EB,,,,,EB,,,,EB,,,,,,
350622185,1,EB,,,EB,EB,,,,,,,,,,EB,,,,EB,,,,,
358467237,1,IS,,,,,,,,IS,,IS,,,,,,,IS,V,,,,,
355365289,1,IS,,,IS,,,,,,IS,IS,,IS,,,,,,,,,,,
355365289,2,IS,,,IS,,,,,,IS,IS,,IS,,,,,,,,,,,
350479101,1,EB,,,EB,,,,,,EB,EB,,EB,,,,,,,,,,,
350520348,1,V,,,V,,,,,,V,IS,,V,,,,,,,,,,,
355509914,1,PC,,,,,,PC,,U,,,PC,,,,,,PC,IS,,,PC,,
350445771,1,PC,,,,,,PC,,,,EB,PC,,,,EB,,PC,,PC,,,,
355651035,1,V,,,,V,,,,,,,EB,,,,V,,V,V,,,,,
355635441,2,EB,,EB,,,,,,,,EB,EB,,,,,,IS,,,,,,
355635441,1,EB,,EB,,V,,,,,,EB,EB,,,,,,EB,,,,,,
309861203,1,IS,,IS,,,,,,,,,IS,V,,,,,IS,,,,,,
350443417,4,EB,,EB,,,,,,V,,,EB,,,,,,IS,,,,,,
358709960,1,IS,,PC,,IS,,,,,,,IS,,,,,,IS,IS,IS,,,,
369218857,1,V,,,,,,,V,V,EB,EB,,,,,,,,,,,,,
370008372,1,IS,,,,,,,,IS,,,,,IS,,,IS,,,,IS,,,
369218857,2,V,,,,,,,V,V,EB,EB,,,,,,,,,,,,,
370234343,1,V,,,,,,,IS,V,,V,,,,,,,,,V,,,,
369993181,1,V,V,,,,,,,V,,,IS,V,,,,,,,,,,,
370236000,2,V,,V,,V,,,,V,,IS,,,,,,,,,,,,,
370236000,3,V,,V,,V,,,,V,,IS,,,,,,,,,,,,,
363913149,1,IS,,,,,IS,,IS,,,,,,,IS,,,,,,IS,,,
364588501,1,V,V,V,,V,,,,V,,,,,,,,,,,,,,,
370324073,1,EB,,,,,,,,EB,,,EB,,EB,,EB,,,EB,,,,,
370236000,4,V,,V,,,,,,V,,IS,,V,,,,,,,,,,,
370324073,2,EB,,,,,,,,EB,,,EB,,EB,,EB,,,U,,,,,
375088647,1,PC,,,,,PC,PC,PC,U,,,,,,PC,,IS,,,,,,,
373844472,1,PC,,PC,,,,PC,,EB,,,PC,,,,PC,,PC,PC,,,,,
369966331,1,PC,PC,EB,,,EB,PC,,EB,,PC,,,,,,,,,,,,,
369456296,1,PC,,,PC,,,PC,,,PC,EB,,PC,,,,,,,,,,,
370041241,3,V,,,,V,,,,V,,V,,,,,,,IS,,,,,,
370041241,1,V,,,,,,,,V,,V,,,,,,,V,IS,,,,,
370041241,2,V,,,,,,,,V,,V,,,,,,,IS,IS,,,,,
364302118,1,EB,EB,EB,,,EB,,,,,,,,,,EB,,,,,,,,
364302118,2,EB,EB,EB,,,IS,,,,,,,,,,IS,,,,,,,,
370236000,1,V,,V,,V,,,,V,,,,,,,,,,,,,,,
381949031,1,IS,,,,,,,IS,IS,,IS,IS,,,,,,,,,,,,
381857817,1,EB,,,,,,,,,,EB,EB,,,,EB,,EB,,,,,,
381857817,2,EB,,,,,,,,,,IS,EB,,,,IS,,EB,,,,,,
376985426,2,V,,EB,,,,,,V,,,EB,,V,,,,,,,,,,
382258517,1,IS,,,,,,,,,IS,IS,IS,IS,,,,,,,,,,,
376985426,3,V,,EB,,,,,,V,,,EB,,V,,,,,,,,,,
382415461,1,V,,,,,,V,V,,EB,EB,PC,,,,,,,,V,,,,
350431335,1,EB,,V,,IS,,EB,,,,,,,,,,,PC,IS,,,U,,
219140650,1,IS,IS,IS,,,,,,IS,,,IS,,,,,,,,,,,,
382517745,2,EB,,,EB,EB,,,,,,,,,,,,,,,EB,EB,,,
382517745,1,EB,,,EB,EB,,,,,,,,,,,,,,,EB,EB,EB,,
382575967,1,IS,,IS,,,,,,,,,IS,IS,,,,,IS,,,,,,
382575967,2,IS,,EB,,,,,,,,,IS,IS,,,,,IS,,,,,,
382575967,3,V,,V,,,,,,,,,IS,IS,,,,,V,,,,,,
382575967,4,V,,V,,,,,,,,,IS,IS,,,,,V,,,,,,
382069441,1,EB,,,,,,,EB,EB,,,,,,EB,,,,,,EB,,,
382069441,2,EB,,,,,,,EB,EB,,,,,,EB,,,,,,EB,,,
382420379,2,IS,,IS,IS,,IS,,,,,,IS,,,,,,,,,,,,
382528174,1,V,V,V,,,,,,V,,V,,,,,,,,,,,,,
382528174,2,V,V,V,,,,,,V,,IS,,,,,,,,,,,,,
382528174,3,V,V,V,,,,,,V,,IS,,,,,,,,,,,,,
381854774,1,EB,,EB,PC,,,,,EB,,,,,EB,,EB,,,,,,,,
389423271,1,V,,,,,,,V,V,,V,V,,,,,,,,,,,,
389669796,1,EB,,,,,,,EB,EB,,EB,PC,,,,,,,,,,,,
382577618,2,IS,,,,,,,IS,V,,IS,IS,,,,,,,,,,,,
389476160,1,EB,,,,,,,,EB,,,,,EB,,EB,EB,,,,,,,
389476160,2,EB,,,,,,,,EB,,,,,EB,,IS,IS,,,,,,,
389922504,1,V,V,EB,,,,,,V,,,EB,,,,,,,,,,,,
389922504,2,V,V,EB,,,,,,V,,,EB,,,,,,,,,,,,
389079188,1,EB,,,,,,,V,,EB,EB,EB,,,,,,,,,,,,
389079188,2,EB,,,,,,,V,,EB,EB,EB,,,,,,,,,,,,
388129475,1,IS,,EB,IS,,PC,IS,,,,IS,,,IS,,,,,,,,,,
389658055,1,V,,,,V,,,V,,,,,,,EB,,,,V,,,,,
389658055,2,V,,,,V,,,V,,,,,,,EB,,,,V,,,,,
389658055,3,V,,,,V,,,V,,,,,,,EB,,,,V,,,,,
388104525,1,PC,,,,,,PC,PC,PC,,PC,,,,,,PC,,,,,,,
382577618,1,EB,,,,,,EB,U,EB,V,PC,IS,,,,,,,,,,,,
391746578,1,EB,,EB,,,,EB,,EB,,,EB,,,,IS,,PC,,,,,,
389527914,1,EB,EB,EB,,,,,,V,,,IS,,,,,,,,,,,,
388131924,2,EB,EB,EB,,,V,,,V,,,,,,,,,,,,,,,
289840928,1,V,V,V,,,V,,,V,,,,,,,,,,,,,,,
389726435,1,EB,,EB,,,IS,,,EB,,,,,,,,,,EB,,,,,
389726435,2,EB,,EB,,,EB,,,EB,,,,,,,,,,EB,,,,,
389660501,1,IS,,,,,,,,,,,,,IS,,IS,V,,IS,,,,,
394230860,1,EB,,,,,EB,,EB,EB,,,,,,EB,,,,,,,,,
394006752,1,EB,,,,,,,EB,EB,EB,EB,,,,,,,,,,,,,
394006752,2,EB,,,,,,,EB,EB,EB,EB,,,,,,,,,,,,,
393891178,1,IS,,,,,,,IS,V,,IS,IS,,,,,,,,,,,,
41232835,1,V,V,V,,,EB,,,,,EB,,,,,,,,,,,,,
394699148,1,V,,EB,,,,,,V,,,,,V,,,,,V,,,,,
394699687,1,IS,,,,,,,,IS,IS,,,,IS,,,IS,,,,,,,
394244919,1,IS,IS,IS,,,,,,IS,,,IS,,,,,,,,,,,,
393977332,1,IS,,,IS,,,,,,,IS,IS,IS,,,,,,,,,,,
201176965,2,EB,EB,EB,,,,,,EB,,,,,,,EB,,,,,,,,
394356010,1,IS,,,,,,,,V,,,,,IS,,,,,IS,IS,,,,
394585218,1,EB,,,EB,,,,,,EB,EB,,EB,,,,,,,,,,,
394585218,2,EB,,,EB,,,,,,EB,EB,,EB,,,,,,,,,,,
394137592,1,PC,,,,,,PC,PC,,,PC,,,,PC,,,,,PC,,,,
393941467,1,IS,,,,,PC,IS,,EB,,,PC,,IS,,,IS,,,,,,,
391949880,1,PC,,PC,,,PC,PC,,,,PC,,,PC,,,PC,,,,,,,
391892842,1,V,,,,V,,,,V,,,,,V,,,V,,,,,,,
393411343,1,IS,,EB,,IS,IS,,,V,,IS,,,,,,IS,,,,,,,
394579741,1,IS,,,,,,,,IS,,,,,IS,,IS,,IS,,,,IS,,
394210384,1,V,,V,,,,,,,,,,,,,V,,V,V,,,,,
394210384,2,V,,V,,,,,,,,,,,,,IS,,IS,V,,,,,
393978805,1,V,,EB,,,,,,V,,,,,,,,,V,,V,,,,
404927661,1,EB,,,,,,,EB,,EB,EB,,,,,,,,,EB,,,,
404449695,1,IS,,,,,,,IS,V,,IS,,,,,,,,,V,,,,
403136932,2,V,,,,,,,,V,EB,,EB,,V,,,,,,,,,,
403237836,1,V,,,,,,,,,V,V,IS,EB,,,,,,,,,,,
404796860,1,IS,,IS,,,,,,IS,,,IS,,,,,,IS,,,,,,
403153647,1,EB,,,EB,EB,,,,,,,,,,EB,,,,,,,EB,,
404797151,1,V,,,,V,,,,V,,,,,,,,,V,,,,V,,
403121294,1,IS,,,IS,,,,,,V,IS,,EB,,,,,,,,,,,
403121294,2,IS,,,IS,,,,,,V,IS,,EB,,,,,,,,,,,
410153553,1,PC,PC,,,,PC,PC,,,,PC,,,,,PC,,,,,,,,
406276109,2,EB,EB,,EB,EB,EB,,,,,,,,,,,,,,,,,,
407584737,3,IS,,,,,,IS,IS,U,,,,IS,,PC,,U,,,,,,,
406277015,1,IS,,,,,,IS,IS,,IS,,,,,EB,,V,,V,,,,,
405425498,1,PC,,,,,,PC,,,PC,PC,,,,,,PC,PC,IS,,,,,
403224672,1,PC,PC,PC,,,,PC,,PC,,,PC,,,,,,,,,,,,
231692694,1,IS,EB,EB,IS,IS,PC,IS,,,,,,,,,,,,,,,,,
404797355,1,V,V,EB,,,V,,,V,,,,,,,,,,,,,,,
392756613,1,IS,IS,V,,,,,,IS,,IS,,,,,,,,,,,,,
404804908,1,EB,,,,,EB,,EB,EB,,,,,,EB,,,,,,,,,
407584737,1,EB,,,,,,IS,EB,EB,,,,,,EB,,EB,,,,,,,
407584737,2,EB,,,,,,,EB,EB,,,,,,EB,,EB,,,,,,,
403153647,2,EB,,,EB,EB,,,,,,,,,,EB,,,,,,,EB,,
355651035,2,V,,,,V,,,,,,,EB,,,,V,,V,V,,,,,
419744996,1,EB,,,,,,,EB,EB,,EB,EB,,,,,,,,,,,,
425907353,1,IS,IS,,,,,,,IS,,IS,,,,IS,,,,,,,,,
419744996,2,EB,,,,,,,EB,EB,,EB,EB,,,,,,,,,,,,
410421717,1,IS,,,,,,,IS,V,EB,IS,,,,,,,,,,,,,
410421717,2,V,,,,,,,V,V,EB,V,,,,,,,,,,,,,
419635446,1,EB,,,,,,,V,,EB,EB,,,,,,,,,V,,,,
412063998,1,EB,EB,EB,,,,,,,,,EB,,,,,,,,,EB,,,
412063998,2,EB,EB,EB,,,,,,,,,EB,,,,,,,,,EB,,,
419635446,2,EB,,,,,,,V,,EB,EB,,,,,,,,,V,,,,
425863844,1,V,,,,,,,V,V,,,,,,,,V,,,,V,,,
425863844,2,V,,,,,,,V,V,,,,,,,,V,,,,V,,,
419669917,1,EB,,,EB,,,,,,IS,EB,,V,,,,,,,,,,,
421951960,1,PC,,,,,,PC,U,PC,PC,PC,,,,,,,,,PC,,,,
421894914,1,PC,PC,,,,,PC,,PC,,PC,PC,,,,,,,,,,,,
410214986,3,IS,,,,,,IS,V,,EB,IS,IS,V,,,,,,,,,,,
410354930,1,EB,EB,EB,,,,,,EB,,,EB,,,,,,,,,,,,
410354930,2,EB,EB,EB,,,,,,EB,,,EB,,,,,,,,,,,,
410354930,3,EB,EB,EB,,,,,,EB,,,IS,,,,,,,,,,,,
70440470,1,PC,PC,PC,,,PC,PC,,PC,,,,,,,,,,,,,,,
410214986,1,PC,,,,,,PC,IS,,EB,PC,IS,,,IS,,,,,,,,,
410214986,2,IS,,,,,,IS,V,,PC,PC,IS,V,,,,,,,,,,,
425933644,4,V,,,,,,,,V,,,EB,,V,,,IS,,,,,,,
441024908,1,IS,,IS,,,,,,,,,IS,,,,,,IS,IS,,,,,
441183795,1,V,,,,,,,V,V,,EB,EB,,,,,,,,,,,,
441050093,1,IS,IS,,,V,,,,,,,IS,IS,,,,,,,,,,,
441183795,2,V,,,,,,,V,V,,IS,EB,,,,,,,,,,,,
441078296,1,IS,,,,,,,IS,IS,,IS,IS,,,,,,,,,,,,
441042358,1,IS,,,,,,,IS,,IS,IS,,,,,,,,,PC,,,,
431383040,1,IS,,,,,,,,,,IS,IS,IS,,IS,,,,,,,,,
425933644,1,V,,,,,,,,V,,,EB,,V,,,V,,,,,,,
425933644,2,V,,,,,,,,V,,,EB,,V,,,V,,,,,,,
425933644,3,V,,,,,,,,V,,,EB,,V,,,V,,,,,,,
441012098,1,IS,,,IS,,,,,,IS,IS,,IS,,,,,,,,,,,
441115325,1,IS,,PC,PC,,PC,IS,,PC,,,,,,,,,,,,,,,
425937691,1,V,,,,,,,V,V,V,,,,,,,V,,,,,,,
441105436,1,V,V,EB,,,IS,,,V,,,,,,,,,,,,,,,
439366537,1,PC,,,,,,PC,PC,,PC,PC,PC,,,,,,,,,,,,
441105436,2,EB,EB,EB,,,EB,,,V,,,,,,,,,,,,,,,
290025694,1,IS,,IS,,,,,,,,,IS,,,,,,IS,IS,,,,,
425937691,2,V,,,,,,,V,V,V,,,,,,,IS,,,,,,,
425976940,1,IS,IS,EB,,,V,IS,,V,,V,,,,,,,,,,,,,
425934411,1,PC,,,,,PC,PC,PC,PC,,,,,,PC,,,,,,,,,
425976940,2,V,,EB,,,,,,V,,V,,,,,,,,,,V,,,
441183795,3,V,,,,,,,V,V,,IS,EB,,,,,,,,,,,,
441183795,4,V,,,,,,,V,V,,IS,EB,,,,,,,,,,,,
441205252,1,IS,,,,,,,IS,,IS,IS,IS,,,,,,,,,,,,
441357923,1,IS,,,,,,,,IS,,,,,IS,,IS,,IS,,,,,,
441355676,1,IS,,IS,,,,,,,,,IS,,,,IS,,IS,,,,,,
441355676,2,IS,,IS,,,,,,,,,IS,,,,IS,,IS,,,,,,
441354271,1,IS,,,,,,,,,,,IS,,,,,,IS,,IS,,IS,,
441384659,1,IS,,,,,,,,,IS,IS,IS,,,,,,,,,IS,,,
441386522,1,IS,,,,,,,IS,,IS,IS,IS,,,,,,,,,,,,
293972244,1,IS,IS,IS,,,,,,IS,,IS,IS,,,,,,,,,,,,
441386522,2,IS,,,,,,,IS,,IS,IS,IS,,,,,,,,,,,,
441384659,2,IS,,,,,,,,,IS,IS,IS,IS,,,,,,,,,,,
441357671,1,IS,IS,IS,,,,,,IS,,,IS,,,,,,,,,,,,
441354986,1,IS,,,IS,,,,,,IS,IS,,IS,,,,,,,,,,,
126890217,1,IS,PC,EB,IS,,,IS,,IS,U,,IS,,,,,,,,,,,,
441384532,2,IS,IS,IS,,,IS,,,IS,,,,,,,,,,,,,,,
441357796,1,IS,,,,,,,,,,,IS,,,,IS,,IS,IS,,,,,
350223741,1,IS,V,,,V,,,,V,,,IS,,,IS,,,,,,,,,
441322912,2,IS,,IS,,,,,,,,,IS,IS,,,,,IS,,,,,,
441322912,3,IS,,IS,,,,,,,,,IS,IS,,,,,IS,,,,,,
441322912,4,IS,,IS,,,,,,,,,IS,IS,,,,,IS,,,,,,
441322912,5,IS,,IS,,,,,,,,,IS,IS,,,,,IS,,,,,,
441422527,2,V,,,,,V,,V,V,,,,,,V,,,,,,,,,
441425287,1,IS,,,,,,,,IS,,,,,PC,,IS,,IS,IS,,,,,
441357796,2,IS,,,,,,,,,,,IS,,,,IS,,IS,IS,IS,,,,
441420236,1,IS,,,,,,,IS,V,,IS,IS,,,,,,,,,,,,
441420236,2,IS,,,,,,,IS,V,,IS,IS,,,,,,,,,,,,
441420236,3,V,,,,,,,IS,V,,V,IS,,,,,,,,,,,,
441420236,4,IS,,,,,,,IS,V,,IS,,V,,,,,,,,,,,
441398770,1,V,V,,,,V,,,V,,,V,,,,,,,,,,,,
441398770,3,V,V,,,,V,,,V,,,V,,,,,,,,,,,,
441398770,4,V,V,,,,V,,,V,,,V,,,,,,,,,,,,
441398770,5,V,V,,,,V,,,V,,,V,,,,,,,,,,,,
441398770,6,V,V,,,,V,,,V,,,V,,,,,,,,,,,,
267043786,1,EB,EB,V,,,EB,,,,,EB,,,,,,,,,,,,,
441406061,1,EB,EB,,EB,,EB,,,,,,,,,,EB,,,,,,,,
441386863,1,IS,IS,,,,,,,,,IS,IS,,,,IS,,,,,,,,
441386863,2,IS,IS,,,,,,,,,IS,IS,,,,IS,,,,,,,,
441386863,4,IS,V,,,,,,,,,IS,IS,,,,IS,,,,,,,,
441426345,1,IS,IS,IS,,,,,,IS,,,IS,,,,,,,,,,,,
441386863,5,IS,IS,,,,,,,,,IS,IS,,,,IS,,,,,,,,
441386863,6,IS,IS,,,,,,,,,IS,IS,,,,IS,,,,,,,,
441422220,1,EB,,EB,,,,,,EB,,EB,EB,,,,,,,,,,,,
441422220,2,EB,,EB,,,,,,EB,,EB,EB,,,,,,,,,,,,
441451897,1,IS,,,,IS,,,IS,IS,,IS,,,,,,,,,,,,,
441456935,1,IS,,,,,,,,IS,IS,,,,IS,,,,,IS,,,,,
469981019,1,V,,,,,,,V,,EB,V,V,,,,,,,,,,,,
441456157,1,V,,V,,V,,,,V,,,,,,,,,V,,,,,,
441456157,2,V,,V,,V,,,,V,,,,,,,,,IS,,,,,,
441432509,1,IS,,,,,,,IS,,IS,IS,,,,,,,,,IS,,,,
471012589,1,IS,,,,,,,,IS,,,IS,,IS,,IS,,,,,,,,
452358088,1,IS,,,,,,,IS,,IS,IS,,,,,,,,,O,,,,
441427495,1,IS,IS,,,,,,,IS,,,IS,,,IS,,,,,,,,,
452358088,2,IS,,,,,,,IS,,IS,IS,,,,,,,,,O,,,,
453100169,1,IS,,IS,,,,,,,,,IS,,,,IS,,IS,,,,,,
441427495,2,IS,IS,,,,,,,IS,,IS,IS,,,U,,,,,,,,,
444151146,1,PC,,,,,,PC,,,,,PC,,,,EB,,IS,,PC,,PC,,
471013491,1,IS,,IS,,,,,,IS,,,,,,,IS,,IS,,,,,,
471013508,1,EB,EB,,,,,,,EB,,,EB,EB,,,,,,,,,,,
441432457,1,IS,,,,,,,,,,,IS,,,IS,,,IS,,,,IS,,
99768342,1,IS,IS,IS,IS,,,,,,IS,,,,,,,,,,,,,,
469979014,1,EB,,,,,EB,,EB,,,,,,,EB,,EB,,,,,,,
453101438,1,IS,IS,IS,,,,,,IS,,IS,,,,,,,,,,,,,
453095489,1,EB,,,,,,,,V,,EB,EB,,,,,,EB,IS,,,EB,,
388131924,1,EB,EB,EB,,,V,,,V,,,,,,,,,,,,,,,
469979014,2,EB,,,,,EB,,EB,,,,,,,EB,,EB,,,,,,,
270341214,1,PC,,,PC,,,PC,,,PC,PC,,PC,,,,,,,,,,,
