tic,cid,disposition,DD,LB,ARG,AGS,AK,IW,group,SV,JR,db,C,AS,sd,LY,AV,ZZ,TD,GE,ZE,KAC,MG,IC,SS,PR,JAB,NG,SLZ,NB
267092745,1,V,V,V,V,,,,,,,,,,,,,,,,,,,,,,,,,
220410491,1,IS,,,IS,IS,IS,,,,,,,,,,,,,,,,,,,,,,,
260304277,1,EB,,,PC,,PC,EB,EB,,,,,,,,,,,,,,,,,,,,,
231007767,1,EB,,,,,,,EB,EB,EB,PC,,,,,,,,,,,,,,,,,,
52368076,1,KP,,,,,,,KP,,,,PC,PC,PC,,,,,,,,,,,,,,,
415969574,1,PC,,PC,,,,,PC,,,,,,,PC,PC,,,,,,,,,,,,,
141334793,1,EB,,,PC,,PC,,EB,,,,,,,,,U,,,,,,,,,,,,
401839963,1,V,,,,,,,V,IS,,,,EB,,,,,PC,,,,,,,,,,,
201250317,1,V,,,,,,,V,IS,,,,EB,,,,,,PC,,,,,,,,,,
175475830,1,V,,V,,,,,,V,,,,,,,,,EB,,,,,,,,,,,
183537452,1,KP,,,,,,,KP,PC,,,,PC,,,,,,PC,,,,,,,,,,
120565836,1,V,,,,,,,,V,V,,,,,,,,EB,,,,,,,,,,,
389728840,1,V,,,,,,,,V,V,,,,,,,,EB,,,,,,,,,,,
100100827,1,KP,,,PC,,,,KP,,,,PC,PC,,,,,,,,,,,,,,,,
251848941,1,PC,,,,,,,PC,IS,PC,,,,,,,,,PC,,,,,,,,,,
7151760,1,V,,V,,,,,,,,,V,,,,,,EB,,,,,,,,,,,
224285169,1,V,,,,V,,,,,,,,,,,,,V,V,,,,,,,,,,
201293974,1,V,,,,V,,,,,,,,,,,,,V,,V,,,,,,,,,
115445135,1,V,,V,,V,,,,V,,,,,,,,,,,,,,,,,,,,
117642409,1,V,,,V,V,V,,,,,,,,,,,,,,,,,,,,,,,
139258279,1,V,,,V,V,V,,,,,,,,,,,,,,,,,,,,,,,
270672267,1,V,,V,,V,V,,,,,,,,,,,,,,,,,,,,,,,
201175605,1,V,,V,V,V,,,,,,,,,,,,,,,,,,,,,,,,
251854070,1,V,,V,V,V,,,,,,,,,,,,,,,,,,,,,,,,
139285392,1,V,,V,,,V,,,,,,,,,,,,,,,IS,,,,,,,,
183582155,1,V,,V,,,V,,,,,,,,,,,,,,,V,,,,,,,,
183535256,1,V,,V,,,V,,,,,,,,,,,,,,,V,,,,,,,,
201306621,1,V,,V,,,,,,,,,V,V,,,,,,,,,,,,,,,,
183537458,1,EB,,EB,,,,,,,,,EB,EB,,,,,,,,,,,,,,,,
63695626,1,V,,,V,,,,,,,,V,,,,,,,,,,EB,,,,,,,
101963752,1,V,,EB,,,,,,,,,V,V,,,,,,,,,,,,,,,,
401868735,1,V,,V,,,,,,,,,V,,,,,,,,,,EB,,,,,,,
120580553,1,V,,V,,,V,,,,,,V,,,,,,,,,,,,,,,,,
382474101,1,PC,,,,,PC,,PC,,,,PC,,,,,,,,PC,,,,,,,,,
201293780,1,EB,,,,,,,EB,U,,,,,,,,,EB,,EB,,,,,,,,,
201248411,1,KP,,,,PC,,,KP,PC,,,,,,PC,,,,,,,,,,,,,,
270480629,1,PC,,,,,,,PC,IS,EB,,,,,,,,PC,,,,,,,,,,,
183530436,1,EB,,,,,,,,V,EB,,,,,,,,EB,,,,,,,,,,,
201293055,1,IS,,IS,,,,,IS,,,,IS,PC,,,,,,,,,,,,,,,,
158550700,1,V,,,,,,,,V,,,,,,,,,V,V,,,,,,,,,,
101992690,1,V,,,,V,,,,,,,,,,,,,V,V,,,,,,,,,,
175400845,1,V,,,,V,,,,,,,,,,,,,V,V,,,,,,,,,,
149019326,1,V,,,,V,V,,,,,,,,,,,,,,V,,,,,,,,,
262547754,1,V,,V,,V,,,,IS,,,,,,,,,,,,,,,,,,,,
102034461,1,V,,,V,V,V,,,,,,,,,,,,,,,,,,,,,,,
116881320,1,V,,V,,V,,,,,,,,,,V,,,,,,,,,,,,,,
66469006,1,V,,,,V,V,,,IS,,,,,,,,,,,,,,,,,,,,
41954531,1,V,,,V,V,V,,,,,,,,,,,,,,,,,,,,,,,
175398506,1,V,,,V,V,V,,,,,,,,,,,,,,,,,,,,,,,
144455691,1,V,,,,V,V,V,,,,,,,,,,,,,,,,,,,,,,
120580114,1,V,,IS,,,V,,,,,,V,,,,,,,,,,,,,,,,,
175405316,1,V,,,IS,,,,,,,,V,V,,,,,,,,,,,,,,,,
102062892,1,V,,,V,,,,,,,,V,,,,,,,,V,,,,,,,,,
206360338,1,V,,V,V,,,,,,,,V,,,,,,,,,,,,,,,,,
201251813,1,EB,,,EB,,,,,,,,EB,,,,,,,,EB,,,,,,,,,
199731304,1,V,,V,V,,,,,,,,V,,,,,,,,,,,,,,,,,
115693552,1,V,,,,,,,,,,,V,,,,,,V,,,,V,,,,,,,
425863973,1,V,O,,,,V,,,,,,,,,,,,,,V,,,,,,,,,
160148053,1,V,V,,,,V,,,V,,,,,,,,,,,,,,,,,,,,
144285087,1,EB,,,,,,,,IS,,,,,,,,,EB,,,,,V,,,,,,
358402382,1,EB,,,,,,,,IS,,,,,,,,,EB,V,,,,,,,,,,
80454265,1,EB,,PC,,,V,,EB,,,,EB,,,,,,,,,,,,,,,,,
155896947,1,IS,,,,,,,IS,IS,PC,,,,,,,,PC,,,,,,,,,,,
206358825,1,V,,,,PC,,,V,,,,,,,,,,EB,IS,,,,,,,,,,
382550222,1,V,,V,,,,,,V,,,,,,,,,EB,,,,,,,,,,,
139326816,1,EB,,,,,,,,IS,EB,,,,,,,,EB,,,,,,,,,,,
382531945,1,V,,,,,,,,V,,,,EB,,,,,V,,,,,,,,,,,
144433200,1,V,,,,,,,,V,,,,,,,,,EB,V,,,,,,,,,,
165886376,1,V,,,,,,,,IS,,,,,,,,,V,V,,,,,,,,,,
183676938,1,V,,,,,,,,,,,,,,,,V,V,V,,,,,,,,,,
425884748,1,V,,,,,,,,,,,,,,,,V,EB,V,,,,,,,,,,
144336221,1,V,,,,,,,,,,,,,,,,EB,V,V,,,,,,,,,,
102086876,1,V,,,,V,,,,,,,,,,,,,V,V,,,,,,,,,,
322063258,1,V,,,,V,,,,,,,,,,,,,V,V,,,,,,,,,,
251884139,1,V,,,,V,,,,IS,,,,,,,,,,,V,,,,,,,,,
160070484,1,V,,,,V,V,,,,,,,,,,,,V,,,,,,,,,,,
120566395,1,V,,,V,V,,,,,,,,,,,,,,,V,,,,,,,,,
251875733,1,V,,V,,V,V,,,,,,,,,,,,,,,,,,,,,,,
314016303,1,V,,,V,V,V,,,,,,,,,,,,,,,,,,,,,,,
155989977,1,V,,,V,V,V,,,,,,,,,,,,,,,,,,,,,,,
80474886,1,V,,,V,,,,,,,,V,,,,,,,,,,,,V,,,,,
169252808,1,V,,V,,,,,,,,,V,,,,,,,,,,V,,,,,,,
180551039,1,V,,V,,,,,,,,,V,,,,,,V,,,,,,,,,,,
180872972,1,EB,,,,,,,,,,,EB,,,,,,V,,,,EB,,,,,,,
201286585,1,IS,,IS,,,,,,,,,IS,,,,,,,,,,IS,,,,,,,
262546576,1,V,,V,,,,,,,,,V,,,,,,,,EB,,,,,,,,,
270672035,1,IS,,IS,,,V,,,,,,IS,,,,,,,,,,,,,,,,,
77045951,1,V,,,,,V,,,,,,V,,IS,,,,,,,,,,,,,,,
117156417,1,V,V,,,,V,,,,,,,,V,,,,,,,,,,,,,,,
382451092,1,V,,,,,,,,V,,,,,,,,,,,V,,,V,,,,,,
183821376,1,EB,,,,,V,,EB,,,,V,,,,,,,,,,,,,U,,,,
183985250,1,PC,,PC,,,,,PC,,,,PC,,,,,,U,,,,,,,,,,,
183562998,1,V,,,,,V,,V,,,,V,,,,,,,,,,,,,PC,,,,
251858265,1,EB,,,,,,,EB,U,PC,,,,,,,,EB,,,,,,,,,,,
144276297,1,V,,,,,,,,V,,,,,,,,,V,V,,,,,,,,,,
139300891,1,V,,V,,,,,,V,,,,,,,,,V,,,,,,,,,,,
382455766,1,V,,,,,,,,V,V,,,,,,,,V,,,,,,,,,,,
251886063,1,V,,V,,,,,,V,,,,,,,,,V,,,,,,,,,,,
270621379,1,V,,,,,V,,V,U,,,,,U,,,,,,,,,,,,,,,
165880674,1,V,,,,PC,V,,V,,,,,,,,,,,,U,,,,,,,,,
139285666,1,EB,,,,,,,,IS,,,,V,,,,,EB,,,,,,,,,,,
116417429,1,EB,,PC,,,,,EB,,,,EB,,,,,,,,,,PC,,,,,,,
322065807,1,V,,,,,,,,,,,,,,,,V,V,V,,,,,,,,,,
156087762,1,V,,,,,,,,,,,,,,,,V,V,V,,,,,,,,,,
139327428,1,V,,,,V,,,,,,,,,,,,,V,V,,,,,,,,,,
200656832,1,V,,,,V,,,,IS,,,,,,V,,,,,,,,,,,,,,
382520755,1,V,,,V,V,,,,IS,,,,,,,,,,,,,,,,,,,,
469948518,1,V,,,V,V,V,,,,,,,,,,,,,,,,,,,,,,,
287349556,1,V,,,V,,V,V,,,,,,,,,,,,,,,,,,,,,,
201294041,1,V,,V,,,V,,,,,,,,,,,,,,,IS,,,,,,,,
251840508,1,V,,V,EB,,,,,,,,V,,,,,,,,,,,,,,,,,
175372755,1,V,,V,,,,,,,,,V,,,,,,IS,,,,,,,,,,,
80363380,1,EB,,EB,,,,,,,,,V,,,,,,,,,,EB,,,,,,,
382427577,1,V,,V,,,V,,,,,,V,,,,,,,,,,,,,,,,,
100098072,1,V,,V,,,V,,,,,,V,,,,,,,,,,,,,,,,,
181165281,1,V,,,,,V,,,,,,V,,,,,V,,,,,,,,,,,,
80476311,1,V,,,,,V,,,,,,,,,,,V,,,V,,,,,,,,,
139363516,1,V,,,,,V,,,,,,,,V,,,IS,,,,,,,,,,,,
120490566,1,PC,,PC,,,,,PC,,,,,,,,,,,,PC,,,,,,PC,,,
149838872,1,EB,,PC,EB,,,,EB,,,,EB,,,,,,,,,,,,,,,,,
140973389,1,IS,,,,,,,,IS,V,,,,,,,,IS,,,,,,,,,,,
183306400,1,V,,,,,,,,V,,,,,,,,,V,V,,,,,,,,,,
237878555,1,IS,,V,IS,,IS,,,,,,,,,,,,,,,,,,,,,,,
219993473,1,V,,,,,,,V,,,,,,,EB,V,,,,,,,,,PC,,,,
321979116,1,V,,,,,V,,,,,,,,,,,,V,V,,,,,,,,,,
304095356,1,V,,O,,,V,,,,,,,,,,,,,,,V,,,,,,,,
246845565,1,V,,O,,,V,,,,,,,,,,,,,,,V,,,,,,,,
150165226,1,IS,,IS,,,IS,,,,,,,,,,,,,,,IS,,,,,,,,
30112525,1,V,,V,,,IS,,,,,,,,,,,,,,,V,,,,,,,,
231844926,1,V,,,,,,,,,,,V,,,,,,,,V,,,,,V,,,,
183802606,1,V,,,,,,,,,,,V,EB,,,,,,,V,,,,,,,,,
30113197,1,EB,,EB,,,,,,,,,EB,,,,,,,,EB,,,,,,,,,
234338455,1,IS,,,,,,,,,,,V,,,,,,IS,,,,IS,,,,,,,
52121243,1,V,,V,,,V,,,,,,V,,,,,,,,,,,,,,,,,
201882170,1,IS,,,,,IS,,,O,,,,,IS,,,,,,,,,,,,,,,
177285937,1,V,,,,,V,,,V,,,,,,,,,,,,,,V,,,,,,
382471734,1,EB,EB,EB,EB,,,,,,,,,,,,,,,,,,,,,,,,,
155990172,1,V,,V,,,,,,,V,,,,,,,,,,V,,,,,,,,,
197846229,1,EB,EB,,,,,,,,,,,,,EB,V,,,,,,,,,,,,,
299899924,1,V,V,,,,,,,,,,,,,EB,V,,,,,,,,,,,,,
219986088,1,EB,EB,,,,,,,,,,,,,EB,EB,,,,,,,,,,,,,
167244982,1,V,,V,,,,,,,,,,,,IS,V,,,,,,,,,,,,,
177119183,1,V,,,,,,,,,,,,,,,V,,,,V,V,,,,,,,,
13139914,1,V,,V,,,,,,,,,,,,V,,,,,V,,,,,,,,,
10001638789,1,EB,,EB,,,,,,,,,,,,V,,,,,EB,,,,,,,,,
280050317,1,V,,V,,,,,,,,,,,,V,,,,,,,,,,,V,,,
231062415,1,EB,EB,,,,,,,,,,,,,,,,,,V,,EB,,,,,,,
201883475,1,V,V,V,,,,,,,V,,,,,,,,,,,,,,,,,,,
144325904,1,IS,,,,,,,IS,,,,,,,IS,V,,,,,,,,,,,U,,
373593782,1,IS,,,,,,,IS,IS,U,,,,,,,,U,,,,,,,,,,,
313934058,1,V,,V,,,,,,V,,,,,,,,,EB,,,,,,,,,,,
154844419,1,V,IS,V,,,,,V,,,,,,,,,,,,U,,,,,,V,,,
272086159,1,PC,,,,,PC,,PC,,,,,,U,,,PC,,,,,,,,,,,,
272288708,1,V,,V,,,IS,,,,,,,,,,,,,,,V,,,,,,,,
304101591,1,PC,,,U,PC,PC,,PC,,,,,,,,,,,,,,,,,,,,,
179637618,1,IS,,U,,,,,IS,IS,,,,,,,,,PC,,,,,,,,,,,
66492319,1,V,,V,,,V,,,,,,,,,,,,,,,V,,,,,,,,
167304394,1,EB,,EB,,,,,EB,,EB,,,,,,,,,,U,,,,,,,,,
30274898,1,IS,,PC,IS,,,,IS,,PC,,,,,,,,,,,,,,,,,,,
10000089885,1,EB,,PC,,,EB,,EB,,,,,,,,,,,,,EB,,,,,,,,
316976845,1,EB,PC,,,,PC,,EB,,,,,,,,,,,,,PC,,,,,,,,
10000253097,1,EB,EB,PC,EB,,,,EB,,,,,,,,,,,,,,,,,,,,,
272236017,1,PC,,,,EB,,,PC,,,,,,,,,,PC,PC,,,,,,,,,,
154843101,1,V,,,,,,,V,,,,,,,,,V,IS,U,,,,,,,,,,
30274531,1,IS,,,,,,,,,,,,,,IS,IS,,,,,,,,,IS,,,,
167724857,1,V,,,V,V,V,,,,,,,,,,,,,,,,,,,,,,,
137772969,1,EB,,,V,,,,,,,,EB,,,,,,,,EB,,,,,,,,,
355637566,1,V,,V,,,,,,,,,V,,,,,,,,,,IS,,,,,,,
402048186,1,V,,EB,,,,,,,,,V,,,,,,,,V,,,,,,,,,
179124239,1,IS,,IS,,,IS,,,,,,V,,,,,,,,,,,,,,,,,
237941827,1,V,,,,,,,,V,,,,,,,,,IS,,,,,V,,,,,,
231914259,1,V,,V,V,,,,,,EB,,,,,,,,,,,,,,,,,,,
234499914,1,V,,V,,,,,,,V,,,,,,,,,,,,,,,,,,V,
381952460,1,V,,V,V,,,,,,V,,,,,,,,,,,,,,,,,,,
179508786,1,IS,,IS,,,,,,,,,,,,IS,IS,,,,,,,,,,,,,
198012311,1,EB,,,,,,,,,,,,,,EB,V,,,,,,,,,EB,,,,
49619675,1,V,,V,,,,,,,,,,,,EB,V,,,,V,,,,,,,,,
146166882,1,V,,,,,,,,,,,,,,V,V,,,,,,,,,,,V,,
167570870,1,V,,V,,,,,,,,,,,,EB,,,,,V,,,,,,,,,
234499915,1,V,,V,,,,,,,,,,,,V,,,,,V,V,,,,,,,,
10000089887,1,EB,,EB,,,,,,,,,,,,,,,,,EB,,V,,,,,,,
31654824,1,V,,,,,,,,V,,,,,,,,,V,EB,,,,,,,,,,
272125637,1,IS,,,,,,,IS,IS,PC,,,,,,,,IS,,,,,,,,,,,
141214397,1,V,,,,PC,V,IS,V,,,,,,,,,,,,,,,,,,,,,
184112782,1,EB,EB,,,,,,,,,,,,,,,,,,EB,,V,,,,,,,
382101807,1,IS,,PC,U,,,,IS,,,,,,,,,,,,,,,,,PC,,,PC,
183821388,1,V,,V,,,,,,,,,,,,V,V,,,,,,,,,,,,,
311924719,1,V,IS,,,,,,V,,,,,,,V,PC,,,,,,,,,,,,,
177160661,1,EB,,PC,,,,,EB,,,,,,,EB,PC,,,,,,,,,,,,,
179637448,1,V,,V,,,V,,,,,,,,,,,,,,,V,,,,,,,,
13000581,1,V,,V,,,V,,,,,,,,,,,,,,,V,,,,,,,,
281728694,1,V,,,,V,,,,,,,,,,,,,V,V,,,,,,,,,,
234338569,1,V,,,,V,,,,,,,,,,,,,V,V,,,,,,,,,,
267116011,1,IS,,IS,,,,,IS,,,,IS,,,,,,,,,,,,,PC,,,,
183492680,1,PC,U,,,,,,PC,,,,,,,PC,PC,,,,,,,,,,,,,
207171986,1,V,,V,,,V,,,,,,,,,,,,,,,V,,,,,,,,
179378566,1,V,,V,,,V,,,,,,EB,,,,,,,,,,,,,,,,,
229117257,1,V,,,,,,,V,,,,,,,V,V,,,,,,,,,U,,,,
10002480929,1,V,,PC,,,,,V,,EB,,,,,,,,,,,,,,,,,,PC,
50344244,1,PC,,,,,,,PC,,,,,,,PC,IS,,,,,,,,,U,,,,
176984236,1,PC,PC,PC,U,,,,PC,,PC,,,,,,,,,,,,,,,EB,,,,
52017720,1,V,,,,,,,,,,,,,,V,V,,,,,,,,,V,,,,
150440860,1,V,,V,V,,,,,,,,EB,,,,,,,,,,,,,,,,,
238874579,1,IS,,,V,IS,IS,,,,,,,,,,,,,,,,,,,,,,,
31962495,1,V,,V,,V,V,,,,,,,,,,,,,,,,,,,,,,,
66357736,1,V,,,,,V,,,,,,V,,,,,V,,,,,,,,,,,,
197885262,1,V,,V,,V,V,,,,,,,,,,,,,,,,,,,,,,,
269794944,1,V,,EB,,,,,,,,,,,,V,V,,,,,,,,,,,,,
188598128,1,EB,,,,,,,,,,,,,,EB,EB,,,,,,,,,,,EB,,
31869582,1,V,,V,,,,,,,,,,,,V,,,,,V,,,,,,,,,
399589222,1,V,,V,,,,,,,,,,,,EB,V,,,,,,,,,,,,,
49675065,1,EB,EB,,,,,,,,,,,,,EB,EB,,,,,,,,,,,,,
311056643,1,V,,V,,,,,,,,,,,,V,,,,,,V,,,,,,,,
141281260,1,EB,,PC,,,EB,,EB,,,,,,,,,,,,,EB,,,,,,,,
300810086,1,PC,,,U,,IS,,PC,U,,,,,,,,,,,,,,,,,,,,
237921747,1,V,,,,,,,,V,V,,,,,,,,EB,,,,,,,,,,,
281667172,1,IS,,,,,,,IS,,,,,,,IS,IS,,,,,,,,,PC,,,,
176935871,1,V,,,,,,,,V,V,,,EB,,,,,,,,,,,,,,,,
183803532,1,IS,,,,,PC,,IS,,,,,,,,,,PC,U,,,,,,,,,,
182730156,1,EB,,,,,,,EB,,,,,,,PC,PC,,,,,,,,,,,PC,,
183495155,1,IS,,,,,,,IS,,,,,,,,,U,V,U,,,,,,,,,,
201332671,1,EB,,EB,,,,,,,,,,,,,,,,,EB,,V,,,,,,,
10000440866,1,EB,,,,,,,EB,,,,,,,,PC,,,,,,,,,EB,,EB,,
30109826,1,EB,,PC,,,PC,,EB,,,,,,,,,,,,,EB,,,,,,,,
30313761,1,V,,,EB,V,PC,,V,,,,,,,,,,,,,,,,,,,,,
10001499933,1,IS,,O,,IS,PC,,IS,,,,,,,,,,,,,,,,,,,,,
287299304,1,V,,,,V,,,,,,,,,,,,,V,V,,,,,,,,,,
425938795,1,V,,V,,,V,,,,,,,,,,,,,,,V,,,,,,,,
10000275925,1,IS,,IS,IS,,,,IS,,PC,,,,,,,,,,,,,,,,,,,
182300992,1,V,EB,V,,,V,,,,,,,,,,,,,,,,,,,,,,,
231914260,1,V,,V,,,V,,,,,,V,,,,,,,,,,,,,,,,,
9176657,1,V,,,,V,V,,,,,,,,,,,,,,V,,,,,,,,,
231057750,1,V,,,,,,,,,,,V,V,,,,,,,,,,,,V,,,,
31634385,1,V,,,,,,,,,,,,,,IS,V,,,,,,,,,V,,,,
141270098,1,V,,,V,IS,V,,,,,,,,,,,,,,,,,,,,,,,
10000423440,1,V,,V,V,,,,,,,,EB,,,,,,,,,,,,,,,,,
150106163,1,EB,,,,,,,,,,,V,,,,,,,,,,EB,,,,,,,IS
183373409,1,EB,,,,,,,,,,,EB,,,,,,EB,,,,EB,,,,,,,
140598047,1,EB,EB,,,,,,,,,,,,,EB,V,,,,,,,,,,,,,
177238612,1,EB,EB,V,,,,,,,,,,,,EB,,,,,,,,,,,,,,
234496287,1,V,,V,,,,,,,,,,,,EB,V,,,,,V,,,,,,,,
182730230,1,V,,V,,,,,,,,,,,,V,V,,,,,,,,,,,,,
271595683,1,IS,,,,,,,,,,,,,,IS,IS,,,,V,,,,,,,,,
179634444,1,IS,,,,,,,,,,,,,,IS,,,,,,IS,,,,,IS,,,
206502540,1,V,,V,,,,,,,,,,,,,,,,,,,V,,,,IS,,,
262109678,1,V,V,,,,,,,,V,,,,,,,,,,,,EB,,,,,,,
31925615,1,EB,,,,,,,,IS,,,,,,,,,EB,,,,,V,,,,,,
12417850,1,IS,,U,,,,,IS,,,,,,,IS,IS,,,,,,,,,,,,,
12421862,1,PC,,IS,,,,,PC,,,,,,,PC,IS,,,,,,,,,,,,,
12423019,1,V,,V,,,,,,V,,,,,,,,,V,,,,,,,,,,,
52284854,1,V,,,,,,,,V,V,,,,,,,,EB,,,,,,,,,,,
211438925,1,KP,,PC,,,,,KP,,PC,,,,,,,,,,,,PC,,,,,,,
373847529,1,EB,,EB,,,,,EB,,,,,,,IS,PC,,,,,,,,,,,,,
140893238,1,V,,,,,,,,V,,,,V,,,,,EB,,,,,,,,,,,
141423643,1,IS,,U,,,,,IS,,,,V,,,,,,IS,,,,,,,,,,,
201236256,1,V,,V,,,V,,,,,,,,,,,,,,,V,,,,,,,,
207242032,1,V,,V,,,V,,,,,,,,,,,,,,,V,,,,,,,,
80454199,1,V,,,,,,,,V,,,,V,,,,,V,,,,,,,,,,,
206563675,1,IS,,,,,,,IS,,,,,,,PC,PC,,,,,,,,,PC,,,,
262039186,1,V,,PC,U,EB,,,V,,,,,,,,,,,,,,,,,,,,,
139282222,1,IS,,IS,,,IS,,,,,,,,,,,,,,,IS,,,,,,,,
279736754,1,IS,O,IS,,,,,,,,,,,,,IS,,,,,,,,,IS,,,,
167308252,1,V,,,,V,V,,,,,,,,,,,,V,,,,,,,,,,,
246860304,1,V,,,,V,,,,V,,,,,,,,,,,V,,,,,,,,,
117550127,1,V,,,,,,,,,,,,,,V,V,,,,,,,,,V,,,,
257655688,1,V,,,,V,V,,,,,,,,,,,,,,V,,,,,,,,,
100105776,1,V,,,,,,,,,,,V,V,,,,,,,V,,,,,,,,,
289592423,1,V,,V,V,,,,,,,,V,,,,,,,,,,,,,,,,,
140943797,1,IS,,,,,,,,,,,,,,IS,IS,,,,IS,,,,,,,,,
175372912,1,V,,V,,,,,,,,,V,,,,,,,,V,,,,,,,,,
231075502,1,V,,V,,,V,,,,,,V,,,,,,,,,,,,,,,,,
402311599,1,V,,V,V,,,,,,V,,,,,,,,,,,,,,,,,,,
469948764,1,V,,EB,V,,,,,,V,,,,,,,,,,V,,,,,,,,,
259886006,1,V,V,,,,,,,,,,,,,V,V,,,,,,,,,,,,,
158623380,1,V,,V,,,,,,,,,,,,EB,V,,,,,,,,,,,,,
382198164,1,V,,V,,,,,,,,,,,,EB,V,,,,,,,,,,,,,
167416766,1,V,,,,,,,,,,,,,,EB,V,,,,V,,,,,,,,,
220575603,1,V,,V,,,,,,,,,,,,EB,,,,,V,,,,,,V,,,
316968724,1,IS,,U,IS,,IS,,IS,,,,,,,,,,,,,,,,,,,,,
32052027,1,V,,,,,,,V,IS,PC,,,,,,,,EB,,,,,,,,,,,
155316172,1,IS,,,,PC,IS,,IS,,,,,,,,,,,,U,,,,,,,,,
167573319,1,EB,,,,,,,,IS,EB,,,,,,,,EB,,,,,,,,,,,
31745940,1,V,,,,,,,,V,V,,,,,,,,V,,,,,,,,,,,
237979468,1,PC,,PC,,,,,PC,,,,,,,,,,,,EB,,PC,,,,,,,
206350842,1,V,,,,,,,,V,,,,V,,,,,EB,,,,,,,,,,,
140757576,1,V,,V,,,,,V,,,,,,,,EB,,,,,,,,,EB,,,PC,
262614463,1,IS,,,V,IS,,,,IS,,,,,,,,,,,,,,,,,,,,
137775139,1,V,,,V,V,V,,,,,,,,,,,,,,,,,,,,,,,
146365825,1,IS,,IS,,,IS,,,,,,,,,,,,,,,V,,,,,,,,
180871938,1,V,,V,,,V,,,,,,,,,,,,,,,V,,,,,,,,
144336220,1,EB,,EB,,,V,,,,,,,,,,,,,,,EB,,,,,,,,
179308681,1,EB,,EB,,,V,,,,,,,,,,,,,,,EB,,,,,,,,
311924163,1,V,,V,,,IS,,,,,,,,,,,,,,,V,,,,,,,,
160074713,1,V,,V,,,V,,,,,,,,,,,,,,,V,,,,,,,,
220424374,1,EB,,,,,,,,,,,,,,EB,EB,,,,,,,,,EB,,,,
220018777,1,V,,,V,,,,,,,,V,V,,,,,,,,,,,,,,,,
267115596,1,V,,,,,,,,,,,V,,,,,,,,,,IS,,,V,,,,
179369863,1,EB,,V,,,,,,,,,EB,,,,,,,,,,EB,,,,,,,
350344057,1,V,,IS,,,,,,,,,V,,,,,,,,,,,,,V,,,,
303584611,1,V,,,,,V,,,,,,V,,,,,,,,,,,,,V,,,,
197846227,1,V,,,,,V,,,,,,V,,,,,,,,,,,,,V,,,,
177016722,1,V,,V,V,,,,,,V,,,,,,,,,,,,,,,,,,,
141423634,1,EB,,,IS,,,,,,,,,,,,V,,,,,,,,,EB,,,,
234497476,1,V,,,,,,,,,,,,,,V,V,,,,,,,,,,,V,,
355603172,1,V,,,,,,,,,,,,,,V,V,,,,,,,,,,,EB,,
47506048,1,V,,V,,,,,,,,,,,,V,V,,,,V,,,,,,,,,
167654406,1,IS,,IS,,,,,,,,,,,,IS,IS,,,,,,,,,,,,,
219989920,1,IS,,IS,,,,,,,,,,,,,V,,,,,IS,,,,,IS,,,
149180585,1,EB,,V,,,,,,,,,,,,,,,,,EB,,EB,,,,,,,
47296054,1,IS,,IS,,,,,,,,,,,,,,,,,IS,,IS,,,,IS,,,
396720230,1,V,,V,,,,,,,,,,,,,,,,,,V,,,,,IS,,,
9631909,1,IS,,IS,,,,,IS,,PC,,,,,,,,,,,,,,,,,,EB,
281798548,1,IS,U,U,,,,,IS,,PC,,,,,,,,,,,,,,,,,,,
10000252982,1,EB,,EB,,,,,EB,,,,,,,,,,,,EB,,PC,,,,,,,
167338058,1,IS,,IS,IS,,IS,,,,,,,,,,,,,,,,,,,,,,,
373846773,1,IS,,,,,,,,IS,EB,,,,,,,,IS,,,,,,,,,,,
251824445,1,V,,,,,,,,IS,V,,,,,,,,,V,,,,,,,,,,
231792358,1,IS,,,,,,,,IS,,,,IS,,,,,IS,,,,,,,,,,,
314829380,1,V,,,V,PC,V,,V,,,,,,,,,,,,,,,,,,,,,
198077394,1,PC,,,,,,,PC,,,,,,,PC,,,,,PC,,,,,,PC,,,
182909998,1,V,,,,,,,,,,,,,,,,V,V,IS,,,,,,,,,,
144301846,1,IS,,V,,,IS,,,,,,,,,,,,,,,IS,,,,,,,,
115943903,1,V,,EB,,,V,,,,,,,,,,,,,,,V,,,,,,,,
369990546,1,V,,V,V,,,,,,,,V,,,,,,,,,,,,,,,,,
150392004,1,V,,V,,,,,,,,,V,,,,,,,,,,IS,,,,,,,
281543259,1,EB,,V,,,,,,,,,EB,,,,,,,,,,IS,,,,,,,
177286027,1,EB,,,,,,,,,,,V,,,,,,EB,,,,EB,,,,,,,
257720864,1,V,,,IS,,,,,,V,,,,,,,,,,,,,,,,,V,,
231828950,1,EB,,EB,IS,,,,,,V,,,,,,,,,,,,,,,,,,,
201248233,1,V,,V,IS,,,,,,V,,,,,,,,,,,,,,,,,,,
197904617,1,V,,V,,,,,,,V,,,,,,,,,,,,,,,,,,V,
200769811,1,V,,V,IS,,,,,,V,,,,,,,,,,,,,,,,,,,
10000275580,1,V,,V,IS,,,,,,V,,,,,,,,,,,,,,,,,,V,
382473796,1,V,V,,,,,,,,,,,,,V,V,,,,,,,,,,,,,
177118920,1,EB,EB,,,,,,,,,,,,,EB,V,,,,,,,,,,,,,
29990893,1,IS,,O,,,,,,,,,,,,IS,IS,,,,,,,,,,,,,
201922588,1,IS,,IS,,,,,,,,,,,,IS,IS,,,,,,,,,,,,,
287299825,1,IS,,IS,,,,,,,,,,,,IS,IS,,,,,,,,,,,,,
12933091,1,V,,V,,,,,,,,,,,,V,,,,,V,,,,,,,,,
150250959,1,V,,V,,,,,,,,,,,,V,,,,,V,,,,,,,,,
10001328132,1,IS,IS,,,,,,,,IS,,,,,,,,,,,,IS,,,,,,,
207110037,1,V,EB,,,,,,,,V,,,,,,,,,,V,,,,,,,,,
279056879,1,EB,,,,,PC,EB,EB,U,,,,,,,,,,,,,,,,,,,,
10000320636,1,PC,,IS,,,,,PC,IS,PC,,,,,,,,,,,,,,,,,,,
67567421,1,EB,EB,,,,,,,,EB,,,,,,,,,,EB,,EB,,,,,,,
149270685,1,V,,,V,V,V,U,V,V,,,,,,,,,,,,,,,,,,,,
271503441,1,IS,,IS,,,,,IS,,PC,,,,,,,,,,,,,,,,,,PC,
101931800,1,V,,IS,,,V,,,,,,,,,,,,,,,V,,,,,,,,
89544153,1,V,,,,,,,,V,,,,V,,,,,V,,,,,,,,,,,
206584535,1,IS,U,U,,,,,IS,,,,,,,,,,,,,,,,,,IS,,,
10002480895,1,V,,V,,,,,V,,V,,,,,,,,,,,,,,,,,,PC,
149448085,1,PC,PC,PC,,,,,PC,,,,,,,,,,,,,,PC,,,,PC,,,
5656273,1,V,,,,,,,,,,,,,,V,V,,,,,,,,,V,,,,
309760358,1,V,,V,,,,,,,,,V,,,,,,EB,,,,,,,,,,,
144386996,1,V,,V,V,,,,,,,,EB,,,,,,,,,,,,,,,,,
10000455128,1,V,,EB,,,V,,,,,,V,,,,,,,,,,,,,,,,,
101932397,1,V,,V,,,V,,,,,,V,,,,,,,,,,,,,,,,,
175372911,1,V,,,V,V,,,,,,,,,,V,,,,,,,,,,,,,,
287493512,1,V,,,V,EB,V,,,,,,,,,,,,,,,,,,,,,,,
156015442,1,V,,,V,V,,,,,,,,,,,,,,,V,,,,,,,,,
425086207,1,V,,,,,V,,,,,,,,O,,,V,,,,,,,,,,,,
201291943,1,V,EB,V,,,,,,,,,,,,,V,,,,,,,,,,,,,
179114674,1,IS,,,IS,IS,IS,,,,,,,,,,,,,,,,,,,,,,,
231912710,1,V,,V,,,,,,,,,,,,,V,,,,,,,,,,,,V,
149598942,1,V,,V,V,,,,,,,,,,,,V,,,,,,,,,,,,,
149218335,1,V,EB,,,,,,,,,,,,,V,V,,,,,,,,,,,,,
149102887,1,IS,,,,,,,,,,,,,,IS,IS,,,,,IS,,,,,,,,
232065886,1,EB,,,,,,,,,,,,,,EB,EB,,,,,,EB,,,,,,,
10000275730,1,IS,,IS,,,,,,,,,,,,IS,V,,,,,IS,,,,,,,,
198036545,1,EB,,V,,,,,,,,,,,,EB,EB,,,,,,,,,,,,,
402311665,1,IS,,,,,,,,,,,,,,IS,,,,,,IS,,,,,IS,,,
394231418,1,IS,,IS,,,,,,,,,,,,,,,,,,,IS,,,,IS,,,
231277551,1,V,EB,,,,,,,,V,,,,,,,,,,V,,,,,,,,,
327996759,1,EB,,V,IS,,,,,,EB,,,,,,,,,,,,,,,,,,,
231790635,1,V,V,,,,,,V,,EB,,,,,,,,,,,PC,,,,,,,,
276862791,1,EB,,,,,,,EB,EB,,,,,,,,,PC,V,,,,,,,,,,
141181957,1,EB,,EB,,,,,EB,,,,,,,,EB,,,,,,,,,PC,,PC,,
234501416,1,EB,EB,,,,,,EB,,V,,,,,,,,,,,PC,,,,,,,,
232071726,1,IS,,V,,,IS,,,,,,,,,,,,,,,IS,,,,,,,,
150149367,1,IS,,IS,,,IS,,,,,,,,,,,,,,,IS,,,,,,,,
183495141,1,EB,,,,,,,EB,,,,,,,EB,EB,,,,,,,,,PC,,,,
316770020,1,V,,,,V,V,,,,,,,,,EB,,,,,,,,,,,,,,
271891552,1,PC,,PC,,,,,PC,,,,,,,PC,PC,,,,,,,,,,,,,
29989829,1,V,,,V,V,V,,,,,,,,,,,,,,,,,,,,,,,
52195940,1,V,,,V,V,V,,,,,,,,,,,,,,,,,,,,,,,
207143419,1,V,,,V,V,V,,,,,,,,,,,,,,,,,,,,,,,
10001742277,1,V,,V,,,IS,,,,,,,,,,,,,,,V,,,,,,,,
10000480222,1,V,,V,,,V,,,,,,,,,,,,,,,EB,,,,,,,,
10002480874,1,V,,V,,,V,,,,,,,,,,,,,,,EB,,,,,,,,
167893191,1,V,,V,,,V,,,,,,,,,,,,,,,V,,,,,,,,
394230605,1,V,,V,,,V,,,,,,,,,,,,,,,V,,,,,,,,
231048083,1,V,,V,,,V,,,,,,,,,,,,,,,V,,,,,,,,
183645153,1,V,,V,,,V,,,,,,,,,,,,,,,V,,,,,,,,
12359289,1,V,V,,,,,,,,,,,,,V,V,,,,,,,,,V,,,,
281497872,1,V,,,,,V,,,,,,V,,,,,,,,,,,,,EB,,,,
270652726,1,EB,,,,,,,,IS,,,,,,,,,EB,,,,,EB,,,,,,
149828023,1,EB,,,,,,,,,,,,,,EB,V,,,,,,,,,,,EB,,
231058925,1,V,,,,,,,,,,,,,,V,V,,,,,,,,,,,EB,,
24750532,1,V,,,,,,,,,,,,,,IS,V,,,,V,,,,,,,,,
220412068,1,EB,,,,,,,,,,,,,,EB,,,,,EB,,,,,,V,,,
55295028,1,V,,V,,,,,,,,,,,,,,,,,V,,,,,,IS,,,
229115415,1,V,,V,,,,,,,,,,,,,,,,,,,V,,,,V,,,
12770202,1,V,,V,,,,,,,,,,,,,,,,,V,,V,,,,,,,
12474665,1,V,,,,,,,,,V,,,,,,,,,,V,,V,,,,,,,
141407063,1,IS,,IS,,,,,,,IS,,,,,,,,,,,,IS,,,,,,,
246894454,1,EB,,EB,,,,,,,,,,,,,,,,,EB,,EB,,,,,,,
141866704,1,EB,,,,,,,EB,U,,,,,,,,,EB,EB,,,,,,,,,,
237926199,1,EB,,,,,,,EB,,EB,,,,,EB,,,,,,,,,,PC,,,,
179213790,1,EB,,,,,,,EB,U,,,,PC,,,,,EB,,,,,,,,,,,
177309258,1,IS,,,,,,,IS,IS,,,,,,,,,IS,PC,,,,,,,,,,
272288563,1,V,,V,,,,,,IS,,,,,,,,,EB,V,,,,,,,,,,
146801458,1,IS,,,,,,,,IS,V,,,,,,,,IS,,,,,,,,,,,
39018680,1,V,,,,,,,,V,V,,,,,,,,V,,,,,,,,,,,
219983007,1,EB,PC,EB,,,,,EB,,,,,,,,,,,,EB,,,,,,,,,
231839085,1,PC,,PC,U,,,,PC,,PC,,,,,,,,,,,,,,,,,,PC,
200656304,1,V,,V,,,V,,,,,,,,,,,,,,,V,,,,,,,,
176959316,1,IS,,,IS,,,,IS,,PC,,,,,,,,,,,,,,,PC,,,,
10000090081,1,EB,EB,,,,,,EB,,,,,,,,,,,,EB,,PC,,,,,,,
30854584,1,IS,,IS,,,IS,,,,,,,,,,,,,,,IS,,,,,,,,
201857950,1,V,,V,,,V,,,,,,,,,,,,,,,EB,,,,,,,,
30468122,1,EB,,,,,,,,IS,,,,V,,,,,EB,,,,,,,,,,,
220557560,1,V,,,,,,,,,,,,,,EB,V,,,,,,,,,V,,,,
281813442,1,V,,,V,,,,,,,,V,,,,,,,,,,EB,,,,,,,
373846934,1,V,,,,,V,,,,,,V,,,,,V,,,,,,,,,,,,
13091490,1,V,,,V,,,,,,V,,,,,,,,,,,,,,,V,,,V,
175400844,1,V,,,,,V,,,,,,,,,,,V,,,EB,,,,,,,,,
10002480935,1,EB,,,,EB,,,,,,,,,,,,,EB,V,,,,,,,,,,
231844100,1,V,,,,V,,,,,,,,,,,,,V,V,,,,,,,,,,
198036154,1,V,,,,V,V,,,IS,,,,,,,,,,,,,,,,,,,,
141212720,1,V,,,V,V,V,,,,,,,,,,,,,,,,,,,,,,,
150442264,1,EB,,,,,,,,,,,,,,,,EB,EB,EB,,,,,,,,,,
229072944,1,EB,EB,,,,,,,,,,,,,EB,V,,,,,,,,,,,,,
206362352,1,V,,V,,,,,,,,,,,,V,V,,,,,,,,,,,,,
238872479,1,IS,,IS,,,,,,,,,,,,IS,IS,,,,,,,,,,,,,
182735267,1,EB,,,,,,,,,,,,,,EB,EB,,,,,,,,,,,EB,,
80337213,1,V,,,,,,,,,,,,,,V,V,,,,V,,,,,,,,,
101931020,1,V,,V,,,,,,,,,,,,EB,,,,,V,,,,,,,,,
382427520,1,V,V,V,,,,,,,,,,,,,,,,,,,V,,,,,,,
70742181,1,V,,,,,,,,,,,,,,V,V,,,,,,,,,,,V,,
272429196,1,V,,,,,,,,V,,,,,,,,,V,EB,,,,,,,,,,
201334717,1,PC,,,,,,,PC,,PC,,,,,,IS,,,,IS,,,,,,,,,
355636844,1,KP,,PC,,,PC,,KP,,,,PC,,,,,,,,,,,,,,,,,
259848316,1,V,,,,,,,,V,,,,V,,,,,V,,,,,,,,,,,
51939561,1,EB,,,,,,,EB,,,,,,,EB,,,,,,PC,,,,,PC,,,
182910091,1,EB,,PC,,PC,PC,,EB,,,,,,,,,,,,,,,,,,,,,
167549764,1,IS,,IS,IS,,IS,,,,,,,,,,,,,,,,,,,,,,,
373532683,1,IS,,,,,IS,,,,,,IS,,,,,,,,,IS,,,,,,,,
231830702,1,V,,,,V,,,,,,,,,,,,,V,,V,,,,,,,,,
219991024,1,V,,,V,V,V,,,,,,,,,,,,,,,,,,,,,,,
177115150,1,V,,,V,V,V,,,,,,,,,,,,,,,,,,,,,,,
271808982,1,IS,,,,,,,,,,,,,,IS,IS,,,,,,,,,IS,,,,
207135880,1,V,,V,V,,,,,,,,V,,,,,,,,,,,,,,,,,
31313111,1,V,,,,,V,V,,V,,,,,,,,,,,,,,,,,,,,
139368789,1,EB,,V,,,,,,,,,EB,,,,,,,,,,EB,,,,,,,
179284155,1,V,,EB,,,,,,,,,V,,,,,,,,,,V,,,,,,,
396720227,1,V,,V,,,,,,,,,V,,,,,,,,,,IS,,,,,,,
425086088,1,EB,,O,,,EB,,,,,,EB,,,,,,,,,,,,,,,,,
182730214,1,EB,,,,,EB,,,,,,EB,,,,,EB,,,,,,,,,,,,
281562809,1,V,,,,,V,,,,,,EB,,,,,V,,,,,,,,,,,,
69814850,1,V,,V,,,,,,,,,,,,V,V,,,,,,,,,,,,,
139258077,1,IS,,,,,,,,,,,,,,IS,IS,,,,,,,,,,,IS,,
10002468366,1,IS,,,,,,,,,,,,,,IS,V,,,,,,,,,,,IS,,
207149599,1,V,,V,,,,,,,,,,,,V,V,,,,,,,,,,,,,
358290668,1,EB,,,,,,,,,,,,,,EB,V,,,,,,,,,,,EB,,
316769815,1,EB,,,,,,,,,,,,,,EB,,,,,EB,,,,,,EB,,,
10000480354,1,V,,V,,,,,,,,,,,,IS,V,,,,,,,,,,,,,
220555048,1,EB,,EB,,,,,,,,,,,,,,,,,EB,,EB,,,,,,,
177116981,1,V,,V,,,,,,,,,,,,V,,,,,,,V,,,,,,,
12377924,1,EB,EB,V,,,,,,,,,,,,,,,,,EB,,,,,,,,,
10000480356,1,V,V,V,,,,,,,,,,,,,,,,,,V,,,,,,,,
32035258,1,V,EB,V,,,,,,,,,,,,,,,,,,V,,,,,,,,
355369154,1,IS,,,,,,,,IS,,,,,,,,,IS,V,,,,,,,,,,
238894391,1,V,,,,,,,,V,V,,,,,,,,EB,,,,,,,,,,,
281599144,1,EB,,,,PC,,,EB,PC,,,,,,EB,,,,,,,,,,,,,,
183799875,1,EB,,,,,,,EB,PC,EB,,,,,,,,EB,,,,,,,,,,,
149970824,1,V,,V,,,,,,,,,,,,V,EB,,,,,,,,,V,,V,,
369639876,1,V,,,,V,,,,,,,,,,,,,EB,V,,,,,,,,,,
355738164,1,V,,,,,,,V,,,,,,,PC,IS,,,,EB,,,,,,,,,
206590515,1,EB,,,,PC,,,EB,U,,,,,,EB,,,,,,,,,,,,,,
30275737,1,V,PC,V,,,,,V,,,,,,,,,,,,,V,,,,,,,,
219335256,1,V,,EB,,V,V,,,,,,,,,,,,,,,,,,,,,,,
12470841,1,V,,,IS,V,,,,,,,,,,V,,,,,,,,,,,,,,
180724508,1,EB,,EB,,,,,,,,,,,,,,,,,EB,,,,,,EB,,,
30275739,1,V,,,V,V,V,,,,,,,,,,,,,,,,,,,,,,,
29989659,1,IS,,IS,,,IS,,,,,,,,,,,,,,,IS,,,,,,,,
89545031,1,V,,V,,,V,,,,,,,,,,,,,,,EB,,,,,,,,
358659441,1,IS,,IS,,,IS,,,,,,,,,,,,,,,IS,,,,,,,,
155895287,1,V,,,,,,,,,,,V,V,,,,,,,,,,,,V,,,,
316913639,1,V,V,,,,,,,,,,,,,,V,,,,,,,,,V,,,,
102090493,1,EB,,,,,,,,,,,V,EB,,,,,,,EB,,,,,,,,,
167656210,1,EB,,EB,,,,,,,,,EB,,,,,,,,EB,,,,,,,,,
373598163,1,IS,,IS,IS,,,,,,V,,,,,,,,,,,,,,,,,,,
355402069,1,V,,V,,,,,,,,,V,,,,,,,,,,V,,,,,,,
358070081,1,EB,,,IS,,,,,,V,,,,,,,,,,,,,,,,,,EB,
224285142,1,V,,V,,,V,,,,,,V,,,,,,,,,,,,,,,,,
69856499,1,EB,EB,,,,,,,,,,,,,EB,V,,,,,,,,,,,,,
156001927,1,V,,,,,,,,,,,,,,,V,,,,V,,,,,,,V,,
52205459,1,V,,,,,,,,,,,,,,V,V,,,,V,,,,,,,,,
281668790,1,V,,,,,,,,,,,,,,IS,V,,,,V,,,,,,,,,
197788365,1,V,,,,,,,,,,,,,,V,V,,,,EB,,,,,,,,,
139370700,1,V,,V,,,,,,,,,,,,V,,,,,V,,,,,,,,,
231056024,1,V,,V,,,,,,,,,,,,,,,,,V,,V,,,,,,,
89547212,1,V,,,,,,,V,IS,V,,,EB,,,,,,U,,,,,,,,,,
114913351,1,V,,O,U,,,,V,,,,,,,O,EB,,,,,,,,,,,,,
10001125074,1,EB,,,,,V,,EB,,,,V,,,,,PC,,,,,,,,,,,,
238190117,1,V,,,,,,,V,,,,,,,,,V,U,V,,,,,,,,,,
207085758,1,EB,EB,,,,,,,,EB,,,,,,,,,,IS,,,,,,,,,
38848848,1,V,,EB,,,,,,V,V,,,,,,,,,,,,,,,,,,,
100106798,1,IS,,,,,,,,,,,,,,IS,,,,,IS,IS,,,,,IS,,,
183596237,1,EB,,,,,,,,EB,EB,,,,,,,,EB,,,,,,,,,,,
197880238,1,V,,V,,,V,,,,,,,,,,,,,,,V,,,,,,,,
234529160,1,V,,V,,,V,,,,,,,,,,,,,,,V,,,,,,,,
10000089754,1,V,,,,,,,,IS,,,,,,,,,V,,V,,,,,,,,,
150392584,1,IS,,,,IS,,,,,,,,,,,,,IS,V,,,,,,,,,,
234495456,1,V,,,V,V,V,,,,,,,,,,,,,,,,,,,,,,,
426014913,1,V,,,,,,,,,,,,,,V,V,,,,,,,,,V,,,,
12770199,1,V,,,,,,,,,,,V,,,,,,,,V,,,,,V,,,,
280095777,1,V,,V,,,,,,,,,V,,,,,,,,V,,,,,,,,,
149039372,1,V,,V,,,,,,,,,V,,,,,,,,,,EB,,,,,,,
156065197,1,V,,V,,,V,,,,,,V,,,,,,,,,,,,,,,,,
355788532,1,V,,V,,,,,,,,,V,,,,,V,,,,,EB,,,,,,,
182735647,1,V,,V,,,V,,,,,,V,,,,,,,,,,,,,,,,,
234331106,1,V,,,,,V,,,,,,,,,,,V,,,V,,,,,,,,,
370041410,1,IS,,,,,IS,,,,,,,,,,,IS,,,IS,,,,,,,,,
273945449,1,V,,,,,,,,V,,,,,,,,,,,V,,,V,,,,,,
160079025,1,V,V,,IS,,,,,,V,,,,,,,,,,,,,,,,,,,
175482759,1,V,,V,V,,,,,,EB,,,,,,,,,,,,,,,,,,,
201249322,1,V,V,,IS,,,,,,V,,,,,,,,,,,,,,,,,,,
309654626,1,IS,,IS,,,,,,,V,,,,,,,,,,,,,,,,,,IS,
41858251,1,V,,V,,,,,,,V,,,,,,,,,,V,,,,,,,,,
150441645,1,V,,V,,,,,,,,,,,,V,,,,,V,,,,,,,,,
176955379,1,EB,EB,V,,,,,,,,,,,,,,,,,,,EB,,,,,,,
150394126,1,V,,V,,,,,,,,,,,,,,,,,,,V,,,,V,,,
10000089758,1,V,,O,,,,,,,V,,,,,,,,,,,,V,,,,,,,
183306419,1,V,V,V,,,,,,,,,,,,,,,,,,V,,,,,,,,
260304296,1,PC,,,PC,,PC,,PC,U,,,,,,,,,,,,,,,,,,,,
175482273,1,PC,PC,,,,,,PC,,,,,,,PC,PC,,,,,,,,,,,,,
7145432,1,V,,,,,,,V,U,PC,,,,,,,,PC,,,,,,,,,,,
262530407,1,PC,PC,,,,,,PC,,,,,,,PC,PC,,,,,,,,,,,,,
231017065,1,V,,IS,IS,,,,V,,,,,,,,,,,,,,,,,,,,PC,
179509310,1,EB,,,,PC,,,EB,IS,,,,,,,,,U,,,,,,,,,,,
179444790,1,EB,,PC,,,PC,,EB,,,,EB,,,,,,,,,,,,,,,,,
140974358,1,IS,,,,,IS,,IS,,,,,,U,,,IS,,,,,,,,,,,,
402130392,1,EB,,V,,,EB,,,,,,,,,,,,,,,EB,,,,,,,,
51939266,1,V,,,,,,,V,IS,,,,,,,,,PC,U,,,,,,,,,,
294753944,1,IS,,,,,,,IS,,,,,,,IS,IS,,,,,,,,,PC,,,,
272187898,1,V,,,,,,,V,IS,,,,,,,,,IS,U,,,,,,,,,,
237916140,1,IS,,,,,U,,IS,,,,,,,,,,U,U,,,,,,,,,,
10001514121,1,IS,,,,IS,,,,,,,,,,,,,IS,O,,,,,,,,,,
373846491,1,IS,,,,,,,IS,,,,,,,IS,IS,,,,,,,,,,,PC,,
183593602,1,EB,,,V,,,,,,,,EB,IS,,,,,,,,,,,,,,,,
270376104,1,V,,V,,,,,,,,,V,,,,,,,,V,,,,,,,,,
177115433,1,EB,,V,,,,,,,,,EB,,,,,,,,,,EB,,,,,,,
201777369,1,V,,,,,,,,,,,V,,,,,,,,,,EB,,,,,,V,
309760024,1,IS,,,,,IS,,,IS,,,,,,,,,,,,,,IS,,,,,,
177019175,1,EB,,V,IS,,,,,,EB,,,,,,,,,,,,,,,,,,,
231279823,1,EB,,EB,,,,,,,EB,,,,,,,,,,EB,,,,,,,,,
149039012,1,IS,,IS,IS,,,,,,,,,,,,IS,,,,,,,,,,,,,
207088969,1,EB,,EB,,,,,,,,,,,,EB,V,,,,,,,,,,,,,
150187926,1,EB,,,,,,,,,,,,,,V,EB,,,,,,,,,EB,,,,
182729764,1,IS,,,IS,,,,,,,,,,,IS,IS,,,,,,,,,,,,,
10001638864,1,V,,V,,,,,,,,,,,,EB,V,,,,,,,,,,,,,
141272720,1,EB,,EB,,,,,,,,,,,,EB,EB,,,,,,,,,,,,,
287352976,1,V,,V,,,,,,,,,,,,EB,V,,,,,,,,,,,,,
381975529,1,V,,V,,,,,,,,,,,,,,,,,,,EB,,,,V,,,
419065817,1,EB,,,,,,,,,,,,,,V,EB,,,,,,,,,EB,,,,
307210830,1,PC,,,,,,,PC,,,,,,,PC,PC,,,,,,,,,,,PC,,
180443348,1,V,,,IS,,,,V,,,,V,PC,,,,,,,,,,,,,,,,
24672429,1,PC,,,,,,,PC,IS,PC,,,,,,,,PC,,,,,,,,,,,
179444779,1,V,,,,,,,V,,PC,,,,,EB,PC,,,,V,,,,,,,,,
382303178,1,V,,V,,V,,,,,,,,,,V,,,,,,,,,,,,,,
183302710,1,V,,IS,V,,V,,,,,,,,,,,,,,,,,,,,,,,
234524844,1,IS,,,V,IS,IS,,,,,,,,,,,,,,,,,,,,,,,
101949517,1,V,,,,,,,,,,,,,,V,V,,,,V,,,,,,,,,
50346962,1,EB,PC,,,,IS,,EB,U,,,,,,,,,,,,,,,,,,,,
115445314,1,V,,V,,,,,,,,,,,,V,V,,,,V,,,,,,,,,
231069080,1,V,IS,,,,,,V,,,,,,,IS,V,,,,,,,,,U,,,,
272187783,1,V,,V,,,V,,,,,,,,,,,,,,,V,,,,,,,,
229150901,1,V,,V,,,V,,,,,,,,,,,,,,,V,,,,,,,,
439399707,1,V,,,EB,,,,,,,,V,,,,,,,,,,,,,,,,,V
207090357,1,V,,,V,,,,,,,,V,,,,,,,,,,,,,,,,,IS
272549715,1,V,,V,,,V,,,,,,V,,,,,,,,,,,,,,,,,
229094826,1,V,,,,,,,,,,,V,,,,,,,,,,EB,,,V,,,,
224262905,1,V,,,,,V,,,,,,V,,,,,,,,V,,,,,,,,,
219989168,1,IS,,IS,IS,,,,,,EB,,,,,,,,,,,,,,,,,,,
149102739,1,IS,,,IS,,,,,,IS,,,,,,,,,,,,,,,,,,IS,
224263012,1,V,,V,,,,,,,V,,,,,,,,,,,,,,,,,,EB,
364302118,1,EB,,EB,,,,,,,EB,,,,,,,,,,,,,,,,,,EB,
231831964,1,V,EB,V,,,,,,,,,,,,,V,,,,,,,,,,,,,
382635027,1,V,,,,,,,,,,,,,,V,V,,,,,IS,,,,,,,,
158637035,1,V,,V,,,,,,,,,,,,V,,,,,,V,,,,,,,,
358232450,1,EB,,,,,,,,,,,,,,EB,,,,,,EB,,,,,EB,,,
355650641,1,V,EB,V,,,,,,,,,,,,,,,,,,,V,,,,,,,
207148370,1,V,V,V,,,,,,,,,,,,,,,,,,,V,,,,,,,
237880881,1,V,,,,,,,,,,,,,,,,,,,IS,,V,,,,V,,,
70742570,1,V,,V,,,,,,,,,,,,V,,,,,V,,,,,,,,,
425907664,1,IS,IS,IS,,,,,,,,,,,,,,,,,,,V,,,,,,,
358231631,1,IS,IS,IS,,,,,,,,,,,,,,,,,,,IS,,,,,,,
167244928,1,V,,,,,,,V,IS,,,,,,,,,EB,U,,,,,,,,,,
149124850,1,IS,,,IS,IS,PC,,IS,,,,,,,,,,,,,,,,,,,,,
207176440,1,EB,,PC,,,,,EB,,,,,,,PC,EB,,,,,,,,,,,,,
179583231,1,EB,,PC,,,,,EB,,,,,,,,,,,,,PC,PC,,,,,,,
206366200,1,V,,,,,,,V,,,,,,,IS,V,,,,,,,,,PC,,,,
10001972947,1,O,,,,,,,,,,,,,,O,O,,,,,,,,,,,O,,
272186659,1,V,,PC,V,,,,V,,,,EB,,,,,,,,,,,,,,,,,
234305804,1,V,,,,,,,,V,V,,,,,,,,EB,,,,,,,,,,,
167039570,1,V,,,,,,,,V,V,,,,,,,,V,,,,,,,,,,,
426016895,1,V,,V,,,V,,,,,,,,,,,,,,,V,,,,,,,,
238194921,1,V,,,,,,,,IS,,,,V,,,,,,V,,,,,,,,,,
141811921,1,V,,,,,,,,IS,,,,V,,,,,V,,,,,,,,,,,
231865858,1,V,,V,,,V,,,,,,,,,,,,,,,IS,,,,,,,,
281497188,1,V,,V,,,V,,,,,,,,,,,,,,,V,,,,,,,,
10002480904,1,V,,,,,V,,,,,,V,,,,,,,,,EB,,,,,,,,
166802814,1,V,,,,,,,,,,,,,,,,V,V,V,,,,,,,,,,
117874959,1,V,,,,V,,,,,,,,,,,,,V,V,,,,,,,,,,
360148357,1,V,,,,V,,,,,,,,,,,,,EB,V,,,,,,,,,,
10002480902,1,V,,,V,,,,,,,,,,,,V,,,,,,,,,V,,,,
12435636,1,V,,EB,,,,,,,,,V,,,,,,,,V,,,,,,,,,
369586828,1,V,,V,,,,,,,,,V,,,,,,,,V,,,,,,,,,
183307030,1,V,,IS,,,V,,,,,,V,,,,,,,,,,,,,,,,,
167163582,1,V,,,V,V,V,,,,,,,,,,,,,,,,,,,,,,,
150145438,1,V,,,V,V,V,,,,,,,,,,,,,,,,,,,,,,,
287428184,1,V,,,,,,,,V,,,,,,,,,EB,,,,,V,,,,,,
207085564,1,EB,,,V,EB,EB,,,,,,,,,,,,,,,,,,,,,,,
279672800,1,V,,,,V,V,V,,,,,,,,,,,,,,,,,,,,,,
150360599,1,EB,,V,,,,,,,,,,,,,EB,,,,,,,,,EB,,,,
183302101,1,V,O,,,,,,,,,,,,,V,V,,,,,,,,,,,,,
262705231,1,EB,,,,,,,,,,,,,,EB,EB,,,,,,,,,,,V,,
10001638816,1,EB,,,,,,,,,,,,,,IS,EB,,,,,,,,,,,O,,
469941957,1,V,,V,,,,,,,,,,,,V,,,,,EB,,,,,,,,,
207208753,1,V,,EB,,,,,,,,,,,,,,,,,V,,V,,,,,,,
70796746,1,EB,,,,,PC,,EB,,,,PC,,,,,,,,,,,,,PC,,,,
40280714,1,IS,,,IS,IS,U,,IS,,,,,,,,,,,,,,,,,,,,,
314018646,1,V,,,,,,,,IS,V,,,V,,,,,,,,,,,,,,,,
10000297496,1,IS,,U,,,,,IS,,,,,,,PC,PC,,,,,,,,,,,,,
240720805,1,EB,,EB,,,,,EB,,,,,,,EB,PC,,,,,,,,,,,,,
149103941,1,IS,,U,,IS,PC,,IS,,,,,,,,,,,,,,,,,,,,,
179509229,1,EB,,,,,,,EB,PC,,,,,,,,,PC,U,,,,,,,,,,
13140280,1,IS,,IS,,,IS,,,,,,,,,,,,,,,V,,,,,,,,
12510956,1,EB,,,EB,,,,,,,,EB,,,,,EB,,,,,,,,,,,,
144309170,1,V,,V,V,,,,,,,,V,,,,,,,,,,,,,,,,,
220471131,1,V,,V,,,,,,,,,V,,,,,,,,EB,,,,,,,,,
426017785,1,V,,V,,,,,,,,,V,,,,,,,,,,V,,,,,,,
260947689,1,V,,V,,,,,,,,,V,,,,,,,,,,,,,,,,V,
322065373,1,V,,V,,,,,,,,,V,,,,,,,,,,EB,,,,,,,
179677546,1,V,,V,,,V,,,,,,V,,,,,,,,,,,,,,,,,
50378879,1,V,,V,V,,,,,,V,,,,,,,,,,,,,,,,,,,
10005000384,1,EB,,,,,V,,,,,,EB,,,,,,,,,,,,,EB,,,,
309617252,1,EB,,EB,IS,,,,,,V,,,,,,,,,,,,,,,,,,,
234502361,1,V,,,,,V,,,,,,,,,,,V,,,V,,,,,,,,,
183585389,1,V,,,,,V,,,,,,,,V,,,V,,,,,,,,,,,,
237938005,1,EB,EB,,,,,,,,,,,,,EB,EB,,,,,,,,,,,,,
183530515,1,V,,,,,V,,,,,,,,V,,,,,,V,,,,,,,,,
179120455,1,V,,V,V,,,,,,V,,,,,,,,,,,,,,,,,,,
141866694,1,EB,,,,,,,,,,,,,,EB,EB,,,,,,,,,EB,,,,
102070503,1,V,,,,,,,,V,,,,,,,,,IS,,,,,V,,,,,,
66412342,1,V,,,,,,,,,,,,,,IS,V,,,,V,,,,,,,,,
380436899,1,EB,,,,,,,,EB,,,,,,,,,EB,,,,,EB,,,,,,
117874958,1,V,,V,,,,,,,,,,,,V,,,,,V,,,,,,,,,
197788558,1,EB,,V,,,,,,,,,,,,,,,,,EB,,EB,,,,,,,
272362405,1,EB,,EB,,,,,,,,,,,,,,,,,EB,,EB,,,,,,,
281593543,1,V,,V,,,,,,,,,,,,,,,,,,,V,,,,V,,,
2733439,1,EB,,,,,,,,,,,,,,EB,EB,,,,,,,,,,,EB,,
278866211,1,PC,,,PC,,PC,,PC,U,,,,,,,,,,,,,,,,,,,,
167305514,1,V,,V,,,,,,,V,,,,,,,,,,,,,,,,,,EB,
272289442,1,EB,,EB,,PC,PC,,EB,,,,,,,,,,,,,,,,,,,,,
183563497,1,V,,,,,,,,V,,,,,,,,,EB,V,,,,,,,,,,
167418898,1,PC,,,,,PC,PC,PC,PC,,,,,,,,,,,,,,,,,,,,
220396259,1,PC,,,,,PC,,PC,U,,,,,,,,EB,,,,,,,,,,,,
260132327,1,EB,,,,,EB,EB,EB,U,,,,,,,,,,,,,,,,,,,,
260352038,1,V,,,U,,V,,V,IS,,,,,,,,,,,,,,,,,,,,
300871545,1,PC,,,PC,,EB,,PC,U,,,,,,,,,,,,,,,,,,,,
382473334,1,V,,,V,V,V,,,,,,,,,,,,,,,,,,,,,,,
177032740,1,V,,,V,,V,PC,V,,,,,,,,,,,,,,,,,,,,,
407625096,1,EB,,EB,,,,,,,,,EB,,,,,,V,,,,,,,,,,,
261136000,1,EB,PC,,,,,,EB,,,,,,,EB,EB,,,,,,,,,,,,,
55452495,1,PC,,,PC,,EB,EB,PC,,,,,,,,,,,,,,,,,,,,,
150189912,1,V,,,U,,V,,V,U,,,,,,,,,,,,,,,,,,,,
374908020,1,PC,,,U,,V,,PC,PC,,,,,,,,,,,,,,,,,,,,
260368180,1,IS,,,U,,IS,,IS,,,,,,,,,EB,,,,,,,,,,,,
141770592,1,EB,,,PC,,PC,PC,EB,,,,,,,,,,,,,,,,,,,,,
55746262,1,EB,,,U,,V,,EB,U,,,,,,,,,,,,,,,,,,,,
183529510,1,V,,,,V,,,V,,,,,,,,,,EB,U,,,,,,,,,,
183532609,1,KP,,PC,,,,,KP,PC,,,,,,,,,PC,,,,,,,,,,,
309658221,1,EB,EB,EB,EB,,,,,,,,,,,,,,,,,,,,,,,,,
293165927,1,EB,EB,,,,,,,,,,,,,EB,EB,,,,,,,,,,,,,
294982222,1,EB,,,,,EB,EB,,,,,,,,,,EB,,,,,,,,,,,,
271903247,1,EB,,,,,EB,,,EB,,,,,,,,EB,,,,,,,,,,,,
238180274,1,V,,,V,,V,,,V,,,,,,,,,,,,,,,,,,,,
279569718,1,EB,,,EB,,EB,EB,,,,,,,,,,,,,,,,,,,,,,
349642470,1,IS,,,IS,,V,IS,,,,,,,,,,,,,,,,,,,,,,
150101472,1,EB,,,EB,,EB,EB,,,,,,,,,,,,,,,,,,,,,,
167367014,1,V,,,V,,V,,,V,,,,,,,,,,,,,,,,,,,,
31409361,1,PC,,,PC,,PC,,PC,,,,,,,,,PC,,,,,,,,,,,,
231841601,1,V,,V,,,,,,,V,,,,,,,,,,,,,,,,,,IS,
141611784,1,IS,,IS,,,IS,,,,,,,,,,,,,,,IS,,,,,,,,
349371595,1,EB,,,,,EB,EB,,EB,,,,,,,,,,,,,,,,,,,,
141828072,1,V,,,V,,V,,,IS,,,,,,,,,,,,,,,,,,,,
272468691,1,EB,,V,IS,,,,,,EB,,,,,,,,,,,,,,,,,,,
31780319,1,V,,V,,,V,,,,,,,,,,,,,,,V,,,,,,,,
270622818,1,V,,,V,V,V,,,,,,,,,,,,,,,,,,,,,,,
179581286,1,IS,,IS,IS,,,,,,,,,,,,IS,,,,,,,,,,,,,
30930479,1,V,,V,,IS,V,,,,,,,,,,,,,,,,,,,,,,,
70858382,1,V,,V,,,V,,,,,,,,,,,,,,,V,,,,,,,,
234512053,1,V,,,V,,,,,,,,V,,,,,,,,,,V,,,,,,,
350743714,1,EB,,,PC,,PC,,EB,,,,,,,,,EB,,,,,,,,,,,,
220414672,1,V,,V,,,V,,,,,,,,,,,,,,,V,,,,,,,,
10000298001,1,IS,,O,,,,,IS,,,,,,,,IS,,,,,,,,,U,,,,
25063383,1,EB,,EB,,,,,EB,,,,,,,,EB,,,,,,,,,U,,,,
10000297868,1,IS,,IS,,,IS,,,,,,IS,,,,,,,,,,,,,,,,,
278990002,1,EB,,,,,V,EB,,IS,,,,,,,,,,,,,,,,,,,,
238059180,1,PC,,,U,,IS,PC,PC,,,,,,,,,,,,,,,,,,,,,
201861769,1,EB,,,,,,,,,,,,,,V,EB,,,,,,,,,,,EB,,
77045208,1,V,,V,,,V,,,,,,,,,,,,,,,V,,,,,,,,
167554898,1,IS,,,PC,,PC,PC,IS,,,,,,,,,,,,,,,,,,,,,
234346165,1,V,V,V,,,,,,,,,,,,,V,,,,,,,,,,,,,
144387364,1,V,,,,,V,,,,,,V,,,,,,,,,,EB,,,,,,,
278683844,1,,,,,,,,,,,,PC,,,,,,,,,,,,,,,,,
278683844,2,,,,,,,,,,,,PC,,,,,,,,,,,,,,,,,
237913294,1,V,,V,,,,,,,,,V,,,,,,,,,,IS,,,,,,,
38937499,1,EB,,,,PC,PC,,EB,,,,,,,,,,,,PC,,,,,,,,,
201753299,1,EB,,PC,,,,,EB,IS,,,,,,,,,EB,,,,,,,,,,,
12393823,1,V,V,V,,,,,,,,,,,,,V,,,,,,,,,,,,,
197844850,1,V,,,,,,,V,IS,PC,,,,,,,,PC,,,,,,,,,,,
182735499,1,EB,,,,PC,,,EB,IS,,,,,,,,,PC,,,,,,,,,,,
234519192,1,PC,,,,,,,PC,U,PC,,,,,,,,EB,,,,,,,,,,,
355707036,1,V,,,U,PC,V,,V,,,,,,,,,,,,,,,,,,,,,
381205529,1,V,,,,,,,,V,V,,,,,,,,V,,,,,,,,,,,
232082226,1,IS,,IS,,,,,,IS,EB,,,,,,,,,,,,,,,,,,,
182905019,1,V,,,V,PC,V,,V,,,,,,,,,,,,,,,,,,,,,
31998499,1,EB,,,,,,,EB,U,,,,EB,,,,,EB,,,,,,,,,,,
259862594,1,EB,,,,,,,,IS,V,,,,,,,,EB,,,,,,,,,,,
271503614,1,V,,,,,,,,IS,,,,V,,,,,,V,,,,,,,,,,
231846917,1,V,,,,,,,,V,,,,V,,,,,V,,,,,,,,,,,
259886581,1,V,,,,,,,,,,,,,,,,V,IS,V,,,,,,,,,,
370136633,1,V,,,,V,,,,,,,,,,,,,V,V,,,,,,,,,,
197909711,1,V,,,,V,V,,,V,,,,,,,,,,,,,,,,,,,,
52195812,1,V,,V,V,V,,,,,,,,,,,,,,,,,,,,,,,,
31945753,1,V,,,V,V,V,,,,,,,,,,,,,,,,,,,,,,,
38951571,1,V,,V,,V,V,,,,,,,,,,,,,,,,,,,,,,,
66492229,1,V,,,,V,V,V,,,,,,,,,,,,,,,,,,,,,,
267116053,1,V,,V,,,,,,,,,V,,,,,,,,,,V,,,,,,,
237866103,1,V,,,V,,,,,,,,V,,,,,,,,,,IS,,,,,,,
197844065,1,V,,V,,,,,,,,,V,,,,,V,,,,,,,,,,,,
234548714,1,V,,V,,,,,,,,,V,,,,,,,,,,V,,,,,,,
281499618,1,V,,V,V,,,,,,,,V,,,,,,,,,,,,,,,,,
229157734,1,V,,V,,,V,,,,,,V,,,,,,,,,,,,,,,,,
234517584,1,IS,,,,,,,,IS,,,,,,,,,EB,,,,,IS,,,,,,
231275247,1,EB,,,,,,,EB,PC,,,,,,,,,PC,PC,,,,,,,,,,
166678088,1,EB,,,,,PC,,EB,,,,,,EB,,,,,,PC,,,,,,,,,
220575332,1,EB,,,,,,,,IS,,,,,,,,,EB,V,,,,,,,,,,
237883633,1,V,,,,PC,,,V,,,,,,,,,,IS,IS,,,,,,,,,,
230982885,1,KP,,,,,,,KP,PC,PC,,,,,,,,PC,,,,,,,,,,,
281815395,1,EB,,PC,PC,EB,,,EB,,,,,,,,,,,,,,,,,,,,,
207084429,1,PC,,,,,,,PC,,,,PC,,,,,,,,,,PC,,,,,,PC,
279741379,1,PC,,,,PC,,,PC,,,,,,,,,,IS,PC,,,,,,,,,,
25195864,1,EB,,,,,,,EB,,,,,,,EB,EB,,,,,,,,,PC,,,,
234501946,1,EB,,,,,,,,IS,,,,V,,,,,EB,,,,,,,,,,,
231841600,1,V,,,,,,,,IS,,,,,,,,,V,V,,,,,,,,,,
233962512,1,EB,,,,,,,,IS,,,,,,,,,EB,,,,,EB,,,,,,
237882215,1,EB,,,,,,,,IS,,,,,,,,,EB,V,,,,,,,,,,
262876439,1,V,,,,,,,,,,,,,,,,V,V,V,,,,,,,,,,
39080548,1,V,,,,,V,,,,,,,,,,,,V,V,,,,,,,,,,
234505253,1,V,,,,V,,,,,,,,,,,,,V,IS,,,,,,,,,,
231864125,1,V,,,,V,V,,,,,,,,,V,,,,,,,,,,,,,,
425975034,1,V,,,,V,V,,,IS,,,,,,,,,,,,,,,,,,,,
201800255,1,V,,V,,V,V,,,,,,,,,,,,,,,,,,,,,,,
220519753,1,V,,,V,V,V,,,,,,,,,,,,,,,,,,,,,,,
231048364,1,V,,,V,,,,,,,,V,V,,,,,,,,,,,,,,,,
279741377,1,EB,,EB,,,,,,,,,EB,,,,,,,,EB,,,,,,,,,
355767583,1,V,,V,V,,,,,,,,V,,,,,,,,,,,,,,,,,
38836626,1,V,,V,,,,,,,,,V,,O,,,,,,,,,,,,,,,
234548781,1,EB,,,,,,,,,,,EB,,,,,,V,,,,EB,,,,,,,
50309389,1,EB,,IS,,,,,,,,,V,EB,,,,,,,,,,,,,,,,
281740200,1,V,,V,,,,,,,,,V,,,,,,V,,,,,,,,,,,
31796591,1,V,,V,,,V,,,,,,V,,,,,,,,,,,,,,,,,
52017134,1,V,,,,,V,,,,,,V,,,,,,,,,,,,,EB,,,,
31799296,1,V,,,,,V,,,,,,,,V,,,V,,,,,,,,,,,,
234305809,1,EB,EB,,,,,,,,,,,,,EB,V,,,,,,,,,,,,,
232067318,1,EB,,,,PC,O,,EB,,,,,,,,,,,,U,,,,,,,,,
32050788,1,V,,,,,V,,V,,,,V,,,,,U,,,,,,,,,,,,
402294760,1,V,,PC,,,V,,V,,,,V,,,,,,,,,,,,,,,,,
197892447,1,V,,,,,V,,V,IS,,,,,,,,,PC,,,,,,,,,,,
200789127,1,EB,,,,,,,EB,U,,,,EB,,,,,,V,,,,,,,,,,
183979262,1,PC,,,,,,,PC,PC,,,,PC,,,,,PC,,,,,,,,,,,
273854939,1,EB,,,IS,PC,PC,,EB,,,,,,,,,,,,,,,,,,,,,
38735412,1,V,,V,,,,,,V,,,,,,,,,V,,,,,,,,,,,
207141131,1,PC,,PC,,,V,,PC,,,,PC,,,,,,,,,,,,,,,,,
31634175,1,EB,,,,,,,,IS,EB,,,,,,,,EB,,,,,,,,,,,
166835568,1,V,,EB,,,,,,V,V,,,,,,,,,,,,,,,,,,,
259901389,1,V,,,,,,,,V,V,V,,,,,,,,,,,,,,,,,,
206500885,1,V,,,,,,,,V,,,,V,,,,,IS,,,,,,,,,,,
281765190,1,V,,,,V,V,,,V,,,,,,,,,,,,,,,,,,,,
355736045,1,V,,V,,V,V,,,,,,,,,,,,,,,,,,,,,,,
280830734,1,V,,,,V,V,,,IS,,,,,,,,,,,,,,,,,,,,
231064750,1,V,,V,V,V,,,,,,,,,,,,,,,,,,,,,,,,
220523818,1,IS,,,,IS,IS,,,,,,,,,IS,,,,,,,,,,,,,,
220558928,1,V,,,V,V,V,,,,,,,,,,,,,,,,,,,,,,,
234525561,1,V,,,V,V,V,,,,,,,,,,,,,,,,,,,,,,,
231864803,1,IS,,,IS,V,IS,,,,,,,,,,,,,,,,,,,,,,,
237913516,1,V,,,,V,V,V,,,,,,,,,,,,,,,,,,,,,,
220536421,1,V,,,V,V,V,,,,,,,,,,,,,,,,,,,,,,,
281596497,1,V,,,V,,,,,,,,V,V,,,,,,,,,,,,,,,,
237912712,1,V,,V,V,,,,,,,,V,,,,,,,,,,,,,,,,,
206534309,1,IS,,IS,,,,,,,,,IS,,,,,IS,,,,,,,,,,,,
231301536,1,V,,V,,,,,,,,,V,,,,,,,,,,,,,,,,,V
201878287,1,V,,,,,V,,,,,,EB,,,,,,,,,,,,,,,,,V
166835567,1,V,,,,,V,,,,,,,,,,,V,,,V,,,,,,,,,
425997655,1,PC,,,PC,PC,,,PC,,,,,,,PC,,,,,,,,,,,,,,
281574879,1,V,,,,,,,V,IS,,,,,,,,,PC,V,,,,,,,,,,
425952499,1,V,,,,,,,V,,,,V,,U,,,,,,,,V,,,,,,,
234519484,1,IS,,,IS,IS,U,,IS,,,,,,,,,,,,,,,,,,,,,
234511748,1,V,,,,,,,,V,V,,,,,,,,V,,,,,,,,,,,
394137592,1,KP,,,,,,,KP,PC,,,,,,,,,PC,,PC,,,,,,,,,
207140340,1,PC,,PC,,,,,PC,,,,PC,,,,,,,,,,PC,,,,,,,
220016044,1,PC,,PC,,,,,PC,,,,PC,,,,,,,,,,,,,PC,,,,
47425697,1,PC,,,,,,,PC,,,,,,,PC,PC,,,,,PC,,,,,,,,
31796253,1,V,,,,,,,,V,V,,,,,,,,V,,,,,,,,,,,
425976940,1,V,,,,,,,,V,V,,,V,,,,,,,,,,,,,,,,
237866029,1,EB,,,,,,,,IS,,,,,,,,,EB,V,,,,,,,,,,
237907292,1,V,,,,V,,,,,,,,,,,,,V,V,,,,,,,,,,
231839598,1,V,,,,V,,,,,,,,,,,,,V,V,,,,,,,,,,
207199659,1,V,,,V,V,V,,,,,,,,,,,,,,,,,,,,,,,
234521712,1,V,,,V,V,,,,V,,,,,,,,,,,,,,,,,,,,
281667628,1,V,,,V,V,V,,,,,,,,,,,,,,,,,,,,,,,
231046921,1,V,,V,V,V,V,,,,,,,,,,,,,,,,,,,,,,,
231022037,1,V,,,,V,V,,,V,,,,,,,,,,,,,,,,,,,,
183302718,1,V,,,,,,,,,,,V,V,,,,V,,,,,,,,,,,,
206551537,1,EB,,,,,,,,,,,EB,EB,,,,,,,,,,,,EB,,,,
230979684,1,V,,V,V,,,,,,,,V,,,,,,,,,,,,,,,,,
166835573,1,V,,V,,,,,,,,,V,,,,,,,,V,,,,,,,,,
232087295,1,V,,V,,,,,,,,,V,,,,,,,,,,,,,V,,,,
281656636,1,V,,V,,,,,,,,,V,,,,,,,,,,V,,,,,,,
31746672,1,IS,,IS,,,,,,,,,IS,,,,,,,,,,IS,,,,,,,
237878633,1,V,,V,,,,,,,,,V,,,,,,,,,,,,,,,,,V
394231639,1,V,,V,,,,,,,,,V,,,,,,IS,,,,,,,,,,,
234516307,1,V,,V,,,V,,,,,,EB,,,,,,,,,,,,,,,,,
200724658,1,V,,EB,,,V,,,,,,V,,,,,,,,,,,,,,,,,
233964642,1,PC,,,PC,PC,,,PC,,,,,,,,,,,,PC,,,,,,,,,
50493228,1,V,,,,O,,,V,,,,,,,,,,V,U,,,,,,,,,,
182905456,1,V,,,U,PC,V,,V,,,,,,,,,,,,,,,,,,,,,
38899312,1,EB,,,,,,,EB,U,EB,,,,,,,,EB,,,,,,,,,,,
52018505,1,V,,EB,IS,PC,,,V,,,,,,,,,,,,,,,,,,,,,
201924791,1,EB,,,,PC,,,EB,EB,,,,,,,,,,,EB,,,,,,,,,
51912829,1,EB,,,,,,,,EB,EB,,,,,,,,EB,,,,,,,,,,,
281657150,1,V,,,,,,,,V,V,,,,,,,,V,,,,,,,,,,,
38819934,1,V,,,,,,,,V,V,,,,,,,,EB,,,,,,,,,,,
280097543,1,PC,,,,,,,PC,PC,,,,,,,,,EB,,,,,IS,,,,,,
39046291,1,EB,,,,,,,,EB,EB,,,,,,,,EB,,,,,,,,,,,
231282112,1,EB,,,,,,,,IS,V,,,,,,,,EB,,,,,,,,,,,
231826813,1,V,,,,,,,,IS,V,,,V,,,,,,,,,,,,,,,,
50379749,1,V,,,,,,,,V,V,,,V,,,,,,,,,,,,,,,,
201922686,1,IS,,,,,,,,IS,,IS,,V,,,,,,,,,,,,,,,,
31702927,1,EB,,,,,,,,,,,,,,,,IS,EB,V,,,,,,,,,,
273824720,1,V,,,,V,,,,,,,,,,,,,V,V,,,,,,,,,,
207200489,1,EB,,,,EB,,,,,,,,,,,,,EB,EB,,,,,,,,,,
231910738,1,V,,V,V,V,,,,,,,,,,,,,,,,,,,,,,,,
381204905,1,V,,,V,V,V,,,,,,,,,,,,,,,,,,,,,,,
31797806,1,V,,V,V,V,V,,,,,,,,,,,,,,,,,,,,,,,
220406996,1,V,,,,,,,,,,,,,,V,V,,,,,,,,,V,,,,
234508705,1,V,,,,,,,,,,,V,V,,,,,,,,,,,V,,,,,
279648140,1,EB,,,EB,,,,,,,,EB,,,,,,,,EB,,,,,,,,,
207242259,1,V,,V,V,,,,,,,,V,,,,,,,,,,,,,,,,,
234507244,1,V,,,,,,,,,,,V,,,,,,,,,,EB,,,V,,,,
201753259,1,EB,,,,,,,,,,,EB,,,,,,,,,,EB,,,,,,,V
234491910,1,IS,,,,,,,,,,,V,,,,,,IS,,,,,,,,,,,IS
231825363,1,V,,V,,,V,,,,,,V,,,,,,,,,,,,,,,,,
197880774,1,EB,,,,,,,,IS,,,,,,,,,EB,,EB,,,,,,,,,
198038224,1,V,,,,V,PC,V,V,,,,,,,,,,,,,,,,,,,,,
198035211,1,V,,,,,,,V,,,,,,,,,V,EB,U,,,,,,,,,,
369964729,1,IS,,,,,,,,IS,V,,,,,,,,IS,,,,,,,,,,,
206603178,1,V,,,,,V,,V,U,,,,,U,,,,,,,,,,,,,,,
197906339,1,V,,EB,U,,,,V,,,,V,,,,,,,,,,,,,,,,,
52204842,1,PC,,PC,,PC,IS,,PC,,,,,,,,,,,,,,,,,,,,,
220524224,1,V,,,,,,,,V,V,,,,,,,,EB,,,,,,,,,,,
166739782,1,V,,,,,,,V,IS,EB,,,PC,,,,,,,,,,,,,,,,
150394439,1,EB,,,,,,,EB,,,,,,,EB,PC,,,,,,,,,EB,,,,
231023541,1,V,,,,,,,,V,,,,V,,,,,EB,,,,,,,,,,,
231055739,1,EB,,IS,,,,,,,,,EB,,,,,,EB,,,,,,,,,,,
234498473,1,V,,,,,V,,,,,,,,,,,,V,V,,,,,,,,,,
158637987,1,V,,,,V,,,,,,,,,,,,,V,V,,,,,,,,,,
281786913,1,V,,,,V,,,,V,,,,,,,,,,,EB,,,,,,,,,
166733976,1,V,,V,,V,V,,,,,,,,,,,,V,,,,,,,,,,,
206593041,1,V,,,,V,V,,,,,,,,,,,,,,V,,,,,,,,,
207206601,1,V,,,,V,,,,V,,,,,,,,,,,V,,,,,,,,,
231070602,1,V,,V,,V,,,,,,,,,,,,,,,V,,,,,,,,,
237879469,1,V,,,V,V,V,,,,,,,,,,,,,,,,,,,,,,,
237930207,1,V,,,V,V,V,,,,,,,,,,,,,,,,,,,,,,,
201861459,1,V,,V,V,V,,,,,,,,,,,,,,,,,,,,,,,,
31702188,1,V,,,V,V,V,,,,,,,,,,,,,,,,,,,,,,,
234527747,1,V,,,V,V,V,,,,,,,,,,,,,,,,,,,,,,,
31927353,1,V,,V,,,,,,,,,V,,,,,,,,,,,,,,,,,V
234490624,1,V,,V,,,,,,,,,V,,,,,,,,,,IS,,,,,,,
237881239,1,V,,,,,V,,,,,,V,,,,,,,,,,IS,,,,,,,
198034174,1,V,EB,,,,V,,,,,,,,V,,,,,,,,,,,,,,,
220516829,1,V,V,,,,V,,,EB,,,,,,,,,,,,,,,,,,,,
52078308,1,EB,,,,,,,,IS,,,,,,,,,EB,,,,,V,,,,,,
220524225,1,IS,,,,,,,,IS,,,,,,,,,IS,,,,,V,,,,,,
197886566,1,EB,,,V,PC,,,EB,,,,,,,,,,,,V,,,,,,,,,
232079711,1,IS,,,,,,,IS,IS,PC,,,,,,,,IS,,,,,,,,,,,
220539110,1,V,,,,,,,,V,,,,,,,,,V,EB,,,,,,,,,,
441490000,1,V,,V,,,,,,,,,,,,V,V,,,,,,,,,,,,,
237932099,1,EB,,,,PC,,,EB,,,,,,,,,,EB,EB,,,,,,,,,,
355706675,1,V,,,,,,,V,U,V,,,,,,,,PC,,,,,,,,,,,
231840927,1,EB,,EB,,,,,EB,,,,PC,,,,,,,,PC,,,,,,,,,
234305138,1,V,,,V,PC,V,,V,,,,,,,,,,,,,,,,,,,,,
259928223,1,V,,,,,,,,V,V,,,,,,,,V,,,,,,,,,,,
52257219,1,V,,,,,,,,IS,V,,,V,,,,,,,,,,,,,,,,
231005004,1,V,,,,,,,,V,,,,V,,,,,V,,,,,,,,,,,
231912157,1,EB,,,,,,,,IS,,,,V,,,,,EB,,,,,,,,,,,
232078470,1,IS,,,,,,,,IS,,,,,,,,,V,IS,,,,,,,,,,
234528371,1,V,,,,,,,,V,,,,,,,,V,EB,,,,,,,,,,,
358512322,1,V,,,,,,,,,,,,,,,,V,V,V,,,,,,,,,,
166765288,1,V,,,,,,,,,,,,,,,,V,EB,V,,,,,,,,,,
237878082,1,V,,,,V,,,,,,,,,,,,,V,,V,,,,,,,,,
259864457,1,V,,,,V,,,,,,,,,,,,,V,,V,,,,,,,,,
231831130,1,V,,,,V,,,,IS,,,,,,,,,V,,,,,,,,,,,
281741839,1,V,,,V,V,V,,,,,,,,,,,,,,,,,,,,,,,
207140541,1,V,,,V,V,V,,,,,,,,,,,,,,,,,,,,,,,
31925538,1,V,,,V,V,V,,,,,,,,,,,,,,,,,,,,,,,
259962804,1,V,,V,,V,V,,,,,,,,,,,,,,,,,,,,,,,
207171550,1,EB,,,,,,,,,,,EB,,,,,,,,,,,,V,EB,,,,
149498425,1,EB,,,EB,,V,EB,,IS,,,,,,,,,,,,,,,,,,,,
206590856,1,V,,,,,,,,,,,V,,,,,,V,,,,EB,,,,,,,
38937420,1,V,,V,,,,,,,,,V,,,,,,V,,,,,,,,,,,
426016499,1,V,,V,,,V,,,,,,V,,,,,,,,,,,,,,,,,
234340232,1,V,,V,,,V,,,,,,V,,,,,,,,,,,,,,,,,
231847034,1,V,,,,,,,,V,,,,,,,,,,,V,,,V,,,,,,
34038029,1,EB,,,,,,,,IS,,,,,,,,,EB,V,,,,,,,,,,
92136299,1,IS,,IS,,,,,,IS,,,,,,,,,V,,,,,,,,,,,
12358411,1,V,,V,V,,V,,,,,,,,,,,,,,,,,,,,,,,
20897612,1,EB,,PC,,,,,EB,,,,PC,,,,,,,,V,,,,,,,,,
206663472,1,V,,,,,,,,V,V,,,,,,,,EB,,,,,,,,,,,
12358919,1,V,,EB,,,,,V,,,,V,,,,,,,,,,,,,U,,,,
313935203,1,V,,,,,,,,V,,,,,,,,,V,V,,,,,,,,,,
169764921,1,V,,,U,PC,V,,V,,,,,,,,,,,,,,,,,,,,,
76989773,1,PC,,PC,,PC,,,PC,U,,,,,,,,,,,,,,,,,,,,
316770019,1,V,,V,,,V,,,,,,,,,,,,,,,V,,,,,,,,
89543390,1,V,,V,,,V,,,,,,,,,,,,,,,V,,,,,,,,
340704617,1,V,,,,V,,,,V,,,,,,,,,,,V,,,,,,,,,
47423224,1,V,,V,,V,V,,,,,,,,,,,,,,,,,,,,,,,
89547213,1,V,,,,V,,,,V,,,,,,,,,,,V,,,,,,,,,
89525536,1,V,,V,,V,V,,,,,,,,,,,,,,,,,,,,,,,
270421262,1,EB,,,EB,,,,,,,,EB,,,,,,,,EB,,,,,,,,,
66472438,1,V,,V,,,,,,,,,EB,V,,,,,,,,,,,,,,,,
89543389,1,V,,V,V,,,,,,,,V,,,,,,,,,,,,,,,,,
434107405,1,V,,V,,,,,,,,,V,V,,,,,,,,,,,,,,,,
471012663,1,V,,V,,,,,,,,,V,,,,,,,,V,,,,,,,,,
27985321,1,V,V,V,,,,,,,,,,,,,,,,,,V,,,,,,,,
155542188,1,V,,,,,,,,,,,V,V,,,,,,,,,EB,,,,,,,
89434870,1,V,,V,,,,,,,,,V,,,,,,,,,,V,,,,,,,
33914487,1,EB,,EB,,,,,,,,,EB,,,,,,,,V,,,,,,,,,
13091908,1,V,,V,,,,,,,,,V,,,,,,EB,,,,,,,,,,,
149828022,1,V,,,,,V,,,,,,,,,,,V,,,,,,,,V,,,,
76962175,1,V,V,,,,V,,,,,,,,,,,V,,,,,,,,,,,,
89525598,1,V,V,,,,V,,,V,,,,,,,,,,,,,,,,,,,,
77039078,1,V,,,,,,,,V,,,,,,,,,V,,EB,,,,,,,,,
152086729,1,V,,,,,,,,V,,,,,,,,,V,,,,,V,,,,,,
70775534,1,EB,,,,,,,,IS,,,,,,,,,EB,V,,,,,,,,,,
402319281,1,V,,,,,,,,V,,,,,,,,,V,V,,,,,,,,,,
166697854,1,PC,,,,,,,PC,,,,PC,,,,,,,,,,PC,,,,,,,EB
419064160,1,IS,,V,,,V,,IS,,,,,,,,,,,,,PC,,,,,,,,
65259588,1,V,,V,U,,V,,V,,,,,,,,,,,,,,,,,,,,,
441462736,1,PC,,PC,,,IS,,PC,,,,,,,,,,,,,PC,,,,,,,,
9003103,1,V,,V,,,,,,V,,,,,,,,,V,,,,,,,,,,,
70787920,1,IS,,,,,,,,IS,V,,,,,,,,IS,,,,,,,,,,,
9056201,1,V,,V,V,,V,,,,,,,,,,,,,,,,,,,,,,,
47316976,1,PC,,,,PC,,,PC,,,,,,,,,,IS,PC,,,,,,,,,,
70858252,1,IS,,,,,,,IS,,,,IS,,,,,,,,PC,,,,,PC,,,,
49557013,1,V,,,,V,V,,,,,,,,,V,,,,,,,,,,,,,,
12770198,1,V,,,V,V,,,,,,,,,,,,,,,V,,,,,,,,,
332488398,1,EB,,EB,,EB,EB,,,,,,,,,,,,,,,,,,,,,,,
8998948,1,V,,V,,,V,,,,,,,,,,,,,,,V,,,,,,,,
47465993,1,V,V,V,,,V,,,,,,,,,,,,,,,,,,,,,,,
49708607,1,V,,V,,,V,,,,,,,,,,,,,,,V,,,,,,,,
444165246,1,EB,,EB,,,EB,,,,,,,,,,,,,,,EB,,,,,,,,
149011945,1,V,,V,V,,,,,,,,V,,,,,,,,,,,,,,,,,
137772976,1,V,,V,,,,,,,,,V,V,,,,,,,,,,,,,,,,
439399308,1,V,,V,V,,,,,,,,V,,,,,,,,,,,,,,,,,
47504474,1,V,,V,,,,,,,,,V,,,,,,,,,,V,,,,,,,
77004085,1,V,,V,,,V,,,,,,V,,,,,,,,,,,,,,,,,
146165636,1,V,,V,,,V,,,,,,V,,,,,,,,,,,,,,,,,
434109104,1,V,,,,,V,,,,,,V,,,,,,,,,,,,,V,,,,
229067055,1,V,,,,,V,,,,,,,,,,,V,,,,,,,,V,,,,
9056278,1,V,,,,,V,,,,,,V,,V,,,,,,,,,,,,,,,
89542787,1,V,V,,,,V,,,,,,,,V,,,,,,,,,,,,,,,
34040250,1,V,V,,,,V,,,,,,,,V,,,,,,,,,,,,,,,
89543243,1,V,,,,,,,,V,,,,,,,,,,V,,,,V,,,,,,
211441015,1,IS,,,,,IS,,IS,,,,,,,,,IS,,,,,,,,U,,,,
5725640,1,IS,,,,PC,,,IS,,,,,,,,,,IS,IS,,,,,,,,,,
89500381,1,V,,,,,V,,V,U,,,,,,,,V,,,,,,,,,,,,
228508587,1,IS,,,U,,,,IS,,,,PC,,,,,,,,,,,,,PC,,,,
10002166656,1,IS,,IS,U,O,,,IS,,,,,,,,,,,,,,,,,,,,,
76923707,1,PC,,,,,,,PC,,,,PC,,,,,PC,,,PC,,,,,,,,,
13065910,1,V,,,,,,,,V,V,,,,,,,,EB,,,,,,,,,,,
311086367,1,V,,,,,,,,V,V,,,V,,,,,,,,,,,,,,,,
326522829,1,EB,,,,,,,,IS,,,,,,,,,EB,V,,,,,,,,,,
441469231,1,V,,,,,,,,IS,V,,,,,,,,V,,,,,,,,,,,
311086543,1,EB,,,,,,,,IS,,,,,,,,,EB,V,,,,,,,,,,
206649891,1,V,,V,,,V,,,,,,,,,,,,,,,V,,,,,,,,
149837747,1,V,,V,,,V,,,,,,,,,,,,,,,V,,,,,,,,
204320707,1,V,,V,,,V,,,,,,,,,,,,,,,EB,,,,,,,,
47483655,1,V,EB,V,,,V,,,,,,,,,,,,,,,,,,,,,,,
34038254,1,V,,,,,V,,,,,,,,,,,,V,V,,,,,,,,,,
441461100,1,V,,V,,,V,,,,,,,,,,,,,,,V,,,,,,,,
152087791,1,IS,IS,IS,,,V,,,,,,,,,,,,,,,,,,,,,,,
77029751,1,V,,,,V,,,,,,,,,,,,,V,V,,,,,,,,,,
340703996,1,V,,,,V,,,,,,,,,,V,,,,,V,,,,,,,,,
434098381,1,V,,,,,V,,,,,,V,,,,,V,,,,,,,,,,,,
114819776,1,V,,,,V,,,,,,,,,,,,,V,,V,,,,,,,,,
149801960,1,V,,,,V,,,,,,,,,,EB,,,,,V,,,,,,,,,
89501696,1,V,,V,,V,,,,,,,,,,,,,V,,,,,,,,,,,
229067122,1,V,,V,,V,,,,IS,,,,,,,,,,,,,,,,,,,,
12723924,1,EB,,,EB,EB,,,,,,,,,,,,,,,EB,,,,,,,,,
47525961,1,V,V,,,,V,,,,,,,,V,,,,,,,,,,,,,,,
70744260,1,V,,,V,V,V,,,,,,,,,,,,,,,,,,,,,,,
434111018,1,IS,,,,,,,,IS,,,,,,,,,IS,,,,,IS,,,,,,
66473945,1,V,,,,,,,,V,,,,,,,,,V,,,,,V,,,,,,
9209932,1,EB,,EB,,,,,EB,,,,PC,,,,,,,,,,,,,EB,,,,
9007224,1,V,,,V,PC,,,V,,,,,,,V,,,,,,,,,,,,,,
183533142,1,IS,,,,,,,IS,U,,,,,,,,,PC,,,,,IS,,,,,,
33912852,1,EB,,EB,EB,,EB,,,,,,,,,,,,,,,,,,,,,,,
27973146,1,V,,,,,,,V,IS,,,,,,,,,PC,U,,,,,,,,,,
65264911,1,V,,V,,,V,,,,,,,,,,,,,,,V,,,,,,,,
89542582,1,V,,,,,,,,IS,V,,,,,,,,V,,,,,,,,,,,
270622440,1,EB,,,,,,,,EB,,,,EB,,,,,EB,,,,,,,,,,,
166760533,1,EB,,,,,,,,IS,,,,V,,,,,EB,,,,,,,,,,,
254294237,1,V,,,,,,,,IS,,,,V,,,,,V,,,,,,,,,,,
33983980,1,V,,,,,,,,IS,,,,V,,,,,,V,,,,,,,,,,
9005724,1,V,,V,,,V,,,,,,,,,,,,,,,IS,,,,,,,,
415968540,1,V,,,,,,,,V,EB,,,V,,,,,,,,,,,,,,,,
9758949,1,V,,V,,,V,,,,,,,,,,,,,,,V,,,,,,,,
65264655,1,IS,,IS,,,IS,,,,,,,,,,,,,,,IS,,,,,,,,
188597259,1,EB,,,,,,,,IS,,,,V,,,,,EB,,,,,,,,,,,
444155377,1,V,,,,V,,,,,,,,,,V,,,EB,,,,,,,,,,,
332507724,1,V,,V,,,,,,,,,V,,,,,,,,,,EB,,,,,,,
70744181,1,V,,,,V,,,,,,,,,,V,,,,,V,,,,,,,,,
206649901,1,V,,EB,,,V,,,,,,V,,,,,,,,,,,,,,,,,
419008564,1,V,,EB,,,,,,,,,V,,,,,,,,,,,,,V,,,,
154616565,1,V,,,,V,,,,IS,,,,,,V,,,,,,,,,,,,,,
441056236,1,V,,V,,,,,,,,,V,,,,,,,,,,,,,V,,,,
270460907,1,V,,,,V,V,,,,,,,,,V,,,,,,,,,,,,,,
303821529,1,V,,,,,V,,,,,,V,,,,,V,,,,,,,,,,,,
47425704,1,V,,V,,V,V,,,,,,,,,,,,,,,,,,,,,,,
47482845,1,V,,,V,V,V,,,,,,,,,,,,,,,,,,,,,,,
89501283,1,V,,,,V,V,,,,,,,,,V,,,,,,,,,,,,,,
5641719,1,V,,,V,V,V,,,,,,,,,,,,,,,,,,,,,,,
33911462,1,V,,,,V,V,V,,,,,,,,,,,,,,,,,,,,,,
33986066,1,IS,,,V,,,,IS,,,,IS,PC,,,,,,,,,,,,,,,,
33949151,1,IS,,IS,U,,,,IS,,,,IS,,,,,,,,,,,,,,,,,
12931952,1,EB,,,,,,,,IS,EB,,,,,,,,EB,,,,,,,,,,,
204294226,1,V,,,,,,,,V,,,,V,,,,,V,,,,,,,,,,,
149800831,1,V,,,,PC,,,V,,,,,,,,,,EB,U,,,,,,,,,,
12377867,1,V,,V,,,,,V,,,,V,PC,,,,,,,,,,,,,,,,
183530599,1,PC,,PC,,,IS,,PC,,,,,,,,,,,,,PC,,,,,,,,
12933641,1,V,,V,V,,V,,,,,,,,,,,,,,,,,,,,,,,
114859570,1,EB,,,,,,,,,,,,,,,,EB,EB,EB,,,,,,,,,,
155316194,1,V,,,,,,,,,,,,,,,,V,V,V,,,,,,,,,,
471015484,1,V,,,,,,,,,,,,,,,,EB,V,V,,,,,,,,,,
149800743,1,V,,V,,,V,,,,,,,,,,,,,,,V,,,,,,,,
114913077,1,V,,V,,,V,,,,,,,,,,,,,,,V,,,,,,,,
47423613,1,V,,,,V,,,,,,,,,,,,,V,V,,,,,,,,,,
47336438,1,V,,V,,,V,,,,,,,,,,,,,,,V,,,,,,,,
12359091,1,V,,,,V,,,,,,,,,,V,,,,,EB,,,,,,,,,
12966638,1,V,,,,V,V,,,V,,,,,,,,,,,,,,,,,,,,
326479002,1,V,,,,V,V,,,IS,,,,,,,,,,,,,,,,,,,,
114876890,1,V,,,,V,V,,,IS,,,,,,,,,,,,,,,,,,,,
62379278,1,EB,,EB,,EB,,,,EB,,,,,,,,,,,,,,,,,,,,
47390524,1,V,,,V,V,V,,,,,,,,,,,,,,,,,,,,,,,
175391179,1,V,,,,V,V,,,IS,,,,,,,,,,,,,,,,,,,,
406405861,1,V,,,V,,,,,,,,V,,,,,,,,,,,,,V,,,,
229066844,1,V,,V,,,,,,,,,V,,,,,,,,,,,,,,,,,V
2758451,1,V,,,,,,,,,,,V,,,,,,IS,,,,,,,,,,,V
327952471,1,V,,V,,,,,,,,,V,,,,,,V,,,,,,,,,,,
111778005,1,V,,V,,,V,,,,,,V,,,,,,,,,,,,,,,,,
12359092,1,V,,EB,,,V,,,,,,V,,,,,,,,,,,,,,,,,
419010038,1,V,,,,,V,,,,,,,,V,,,,,,EB,,,,,,,,,
246894470,1,V,,,,,V,,,,,,,,V,,,IS,,,,,,,,,,,,
38823436,1,PC,,,,,,,PC,EB,,,,PC,,,,,,EB,,,,,,,,,,
50380253,1,EB,,,,,,,EB,PC,,,,,,,,,PC,,,,,EB,,,,,,
50380257,1,EB,,,,PC,,,EB,EB,,,,,,,,,,,EB,,,,,,,,,
369965253,1,V,,,,,,,V,IS,V,,,,,,,,PC,,,,,,,,,,,
207140480,1,V,,,,V,,,V,,,,,,,,,,PC,V,,,,,,,,,,
166739520,1,KP,,,,PC,,,KP,,,,,,,,,,PC,PC,,,,,,,,,,
204322922,1,V,,V,,,,,V,,,,V,,PC,,,,,,,,,,,,,,,
9033144,1,PC,,,,,,,PC,PC,EB,,,PC,,,,,,,,,,,,,,,,
33985272,1,IS,,,U,PC,PC,,IS,,,,,,,,,,,,,,,,,,,,,
340704070,1,EB,,,,V,,,EB,,,,,,,,,,EB,U,,,,,,,,,,
234521403,1,V,,,,,,,,V,,,,V,,,,,V,,,,,,,,,,,
207134297,1,V,,,,,,,,V,,,,V,,,,,V,,,,,,,,,,,
5631575,1,V,,,,,,,,V,,,,V,,,,,V,,,,,,,,,,,
231068084,1,V,,,,,,,,V,,,,,,,,,V,V,,,,,,,,,,
262882279,1,V,,,,,,,,,,,,,,,,V,V,V,,,,,,,,,,
234505400,1,V,,,,V,V,,,,,,,,,,,,V,,,,,,,,,,,
201919890,1,V,,,,V,V,,,,,,,,,,,,,,V,,,,,,,,,
231829899,1,V,,,V,V,V,,,,,,,,,,,,,,,,,,,,,,,
31850315,1,V,,,V,V,V,,,,,,,,,,,,,,,,,,,,,,,
234522804,1,V,,V,,,,,,,,,V,,,,,,,,,,,,,V,,,,
9035673,1,V,,V,,V,V,,,,,,,,,,,,,,,,,,,,,,,
259962638,1,V,,,V,,,,,,,,V,,,,,,,,,,IS,,,,,,,
166852312,1,V,,V,,,,,,,,,V,,,,,,,,,,V,,,,,,,
66497441,1,EB,,EB,,,,,,,,,EB,,,,,,,,V,,,,,,,,,
281729077,1,V,,,,,V,,,,,,V,,,,,,,,,,V,,,,,,,
260131665,1,EB,,,EB,,V,EB,,,,,,,,,,,,,,,,,,,,,,
220513466,1,V,,V,,,V,,,,,,V,,,,,,,,,,,,,,,,,
32001069,1,V,,V,,,,,,,,,V,,,,,,,,,,,,,V,,,,
69948301,1,V,,,,,V,,,,,,V,,,,,,,,,,V,,,,,,,
234305624,1,IS,,IS,,,,,,,,,,,,,,,,,V,,IS,,,,,,,
255567460,1,PC,,,PC,,PC,,PC,U,,,,,,,,,,,,,,,,,,,,
33982876,1,V,,,,,,,,,,,V,V,,,,V,,,,,,,,,,,,
149603524,1,KP,,,PC,,EB,,KP,PC,,,,,,,,,,,,,,,,,,,,
10000441872,1,IS,IS,,,,,,,,IS,,,,,,,,,,,,IS,,,,,,,
434103922,1,EB,,,,,,,,,,,EB,EB,,,,V,,,,,V,,,,,,,
388131924,1,V,,,V,,V,EB,,,,,,,,,,,,,,,,,,,,,,
179305059,1,V,V,,,,,,,,V,,,,,,,,,,,,V,,,,,,,
144301243,1,V,,,V,,,,,,,,EB,V,,,,,,,,,,,,,,,,
102049464,1,EB,,,U,,,,EB,,,,EB,PC,,,,,,,,,,,,,,,,
175372606,1,V,,V,IS,,V,,,,,,,,,,,,,,,,,,,,,,,
259902074,1,V,,V,,,,,V,,,,V,,U,,,,,,,,,,,,,,,
267116335,1,V,,,,,V,,,,,,V,,,,,,,,,,V,,,,,,,
231022912,1,EB,,,,,,,,,,,V,,,,,,,,EB,,,,,,,,EB,
260001669,1,V,,,,,V,,,,,,V,,,,,V,,,,,,,,,,,,
279738571,1,V,,V,V,,,,,,,,V,,,,,,,,,,,,,,,,,
70742065,1,V,,V,V,,,,,,,,V,,,,,,,,,,,,,,,,,
267092889,1,V,,V,,,,,,,,,V,,,,,,,,V,,,,,,,,,
77031648,1,V,,,,,,,,,,,V,,,,,V,,,EB,,,,,,,,,
166808151,1,EB,,EB,,,,,,,,,V,,,,,,,,,,EB,,,,,,,
20892672,1,PC,,,,,PC,,PC,,,,,,,,,EB,,,EB,,,,,,,,,
270621386,1,V,,,,,V,,V,,,,,,U,,,V,,,,,,,,,,,,
240812265,1,V,,,,,V,,,,,,,,,,,V,,,,,,,,V,,,,
270622780,1,IS,,,,,V,,,IS,,,,,,,,,,,,,,IS,,,,,,
218968512,1,V,,,,,,,,V,,,,V,,,,,EB,,,,,,,,,,,
